"Individual","Collected_Time","Collected_Region","Hos_Taxo"
"M2112DBH02","2021-Winter","DB","Suncus murinus"
"M2112DBH03","2021-Winter","DB","Suncus murinus"
"M2112DBH04","2021-Winter","DB","Suncus murinus"
"M2112DBH05","2021-Winter","DB","Suncus murinus"
"M2112DBH06","2021-Winter","DB","Suncus murinus"
"M2112DBH07","2021-Winter","DB","Suncus murinus"
"M2112DBH08","2021-Winter","DB","Suncus murinus"
"M2112DBH10","2021-Winter","DB","Rattus tanezumi"
"M2112DBH11","2021-Winter","DB","Rattus norvegicus"
"M2112DBH12","2021-Winter","DB","Rattus norvegicus"
"M2112DBH13","2021-Winter","DB","Rattus norvegicus"
"M2112DBH14","2021-Winter","DB","Rattus norvegicus"
"M2112DBH15","2021-Winter","DB","Rattus norvegicus"
"M2112DBH16","2021-Winter","DB","Rattus norvegicus"
"M2112DBH17","2021-Winter","DB","Rattus norvegicus"
"M2112DBH18","2021-Winter","DB","Rattus norvegicus"
"M2112DBH19","2021-Winter","DB","Rattus norvegicus"
"M2112DBH20","2021-Winter","DB","Rattus norvegicus"
"M2112DBH21","2021-Winter","DB","Rattus norvegicus"
"M2112DBH22","2021-Winter","DB","Rattus norvegicus"
"M2112DBH23","2021-Winter","DB","Rattus norvegicus"
"M2112DBH24","2021-Winter","DB","Rattus tanezumi"
"M2112DBH25","2021-Winter","DB","Rattus norvegicus"
"M2112DBH26","2021-Winter","DB","Rattus tanezumi"
"M2112DBH27","2021-Winter","DB","Rattus tanezumi"
"M2112DBH28","2021-Winter","DB","Rattus tanezumi"
"M2112DBH29","2021-Winter","DB","Rattus tanezumi"
"M2112DBH30","2021-Winter","DB","Rattus tanezumi"
"M2112DBH31","2021-Winter","DB","Rattus tanezumi"
"M2112DBH32","2021-Winter","DB","Rattus tanezumi"
"M2112DBH33","2021-Winter","DB","Bandicota indica"
"M2112DBH34","2021-Winter","DB","Bandicota indica"
"M2112DBH35","2021-Winter","DB","Bandicota indica"
"M2112DBH36","2021-Winter","DB","Bandicota indica"
"M2112DBH37","2021-Winter","DB","Bandicota indica"
"M2112DBH38","2021-Winter","DB","Bandicota indica"
"M2112DBH39","2021-Winter","DB","Bandicota indica"
"M2112DBH40","2021-Winter","DB","Bandicota indica"
"M2112DBH41","2021-Winter","DB","Bandicota indica"
"M2112DBH42","2021-Winter","DB","Bandicota indica"
"M2112DBH43","2021-Winter","DB","Bandicota indica"
"M2112DBH44","2021-Winter","DB","Bandicota indica"
"M2112DBH45","2021-Winter","DB","Bandicota indica"
"M2112DBH46","2021-Winter","DB","Bandicota indica"
"M2112DBH47","2021-Winter","DB","Bandicota indica"
"M2112DBH48","2021-Winter","DB","Rattus norvegicus"
"M2112DBH49","2021-Winter","DB","Rattus norvegicus"
"M2112DBH50","2021-Winter","DB","Rattus norvegicus"
"M2112DBH51","2021-Winter","DB","Bandicota indica"
"M2112DBH52","2021-Winter","DB","Bandicota indica"
"M2112DBH53","2021-Winter","DB","Bandicota indica"
"M2112DBH54","2021-Winter","DB","Rattus norvegicus"
"M2112DBH55","2021-Winter","DB","Rattus losea"
"M2112DBH56","2021-Winter","DB","Rattus norvegicus"
"M2112DBH57","2021-Winter","DB","Rattus norvegicus"
"M2112DBH58","2021-Winter","DB","Bandicota indica"
"M2112DBH60","2021-Winter","DB","Rattus norvegicus"
"M2112DBH61","2021-Winter","DB","Rattus norvegicus"
"M2112DBH62","2021-Winter","DB","Rattus norvegicus"
"M2112DBH63","2021-Winter","DB","Bandicota indica"
"M2112ZJBCSW119","2021-Winter","ZJ","Bandicota indica"
"M2112ZJBCSW120","2021-Winter","ZJ","Bandicota indica"
"M2112ZJBCSW121","2021-Winter","ZJ","Bandicota indica"
"M2112ZJBCSW122","2021-Winter","ZJ","Bandicota indica"
"M2112ZJBCSW123","2021-Winter","ZJ","Bandicota indica"
"M2112ZJBCSW124","2021-Winter","ZJ","Bandicota indica"
"M2112ZJCQJH149","2021-Winter","ZJ","Suncus murinus"
"M2112ZJCQJH150","2021-Winter","ZJ","Suncus murinus"
"M2112ZJCQJH151","2021-Winter","ZJ","Suncus murinus"
"M2112ZJHJSH129","2021-Winter","ZJ","Rattus norvegicus"
"M2112ZJHJSH130","2021-Winter","ZJ","Rattus norvegicus"
"M2112ZJHJSH132","2021-Winter","ZJ","Rattus norvegicus"
"M2112ZJHJSH133","2021-Winter","ZJ","Rattus norvegicus"
"M2112ZJHJSH134","2021-Winter","ZJ","Rattus norvegicus"
"M2112ZJHJSH135","2021-Winter","ZJ","Rattus norvegicus"
"M2112ZJHJSW114","2021-Winter","ZJ","Bandicota indica"
"M2112ZJHJSW115","2021-Winter","ZJ","Rattus norvegicus"
"M2112ZJHMSW126","2021-Winter","ZJ","Rattus losea"
"M2112ZJHMSW127","2021-Winter","ZJ","Rattus losea"
"M2112ZJHMSW128","2021-Winter","ZJ","Rattus losea"
"M2112ZJHXSH137","2021-Winter","ZJ","Rattus tanezumi"
"M2112ZJHXSH138","2021-Winter","ZJ","Rattus tanezumi"
"M2112ZJHXSH139","2021-Winter","ZJ","Rattus tanezumi"
"M2112ZJHXSH140","2021-Winter","ZJ","Rattus tanezumi"
"M2112ZJHXSH141","2021-Winter","ZJ","Rattus tanezumi"
"M2112ZJHXSH143","2021-Winter","ZJ","Rattus tanezumi"
"M2112ZJHXSH144","2021-Winter","ZJ","Rattus tanezumi"
"M2112ZJHXSH145","2021-Winter","ZJ","Rattus tanezumi"
"M2112ZJHXSH146","2021-Winter","ZJ","Rattus tanezumi"
"M2112ZJHXSH147","2021-Winter","ZJ","Rattus tanezumi"
"M2112ZJHXSH148","2021-Winter","ZJ","Rattus tanezumi"
"M2112ZJWDSW116","2021-Winter","ZJ","Rattus andamanensis"
"M2112ZJWDSW117","2021-Winter","ZJ","Rattus andamanensis"
"M2112ZJWDSW118","2021-Winter","ZJ","Rattus andamanensis"
"M2201APBCSW090","2021-Winter","AP","Bandicota indica"
"M2201APBCSW091","2021-Winter","AP","Bandicota indica"
"M2201APBCSW092","2021-Winter","AP","Bandicota indica"
"M2201APBCSW093","2021-Winter","AP","Bandicota indica"
"M2201APBCSW094","2021-Winter","AP","Bandicota indica"
"M2201APBCSW095","2021-Winter","AP","Bandicota indica"
"M2201APBCSW096","2021-Winter","AP","Bandicota indica"
"M2201APBCSW097","2021-Winter","AP","Bandicota indica"
"M2201APBCSW098","2021-Winter","AP","Bandicota indica"
"M2201APBCSW099","2021-Winter","AP","Bandicota indica"
"M2201APBCSW102","2021-Winter","AP","Bandicota indica"
"M2201APBCSW103","2021-Winter","AP","Bandicota indica"
"M2201APBCSW104","2021-Winter","AP","Bandicota indica"
"M2201APCQJH064","2021-Winter","AP","Suncus murinus"
"M2201APCQJH065","2021-Winter","AP","Suncus murinus"
"M2201APCQJH066","2021-Winter","AP","Suncus murinus"
"M2201APCQJH067","2021-Winter","AP","Suncus murinus"
"M2201APCQJH068","2021-Winter","AP","Suncus murinus"
"M2201APCQJH071","2021-Winter","AP","Suncus murinus"
"M2201APCQJH072","2021-Winter","AP","Suncus murinus"
"M2201APCQJH073","2021-Winter","AP","Suncus murinus"
"M2201APCQJH075","2021-Winter","AP","Suncus murinus"
"M2201APCQJH076","2021-Winter","AP","Suncus murinus"
"M2201APCQJH077","2021-Winter","AP","Suncus murinus"
"M2201APCQJH078","2021-Winter","AP","Suncus murinus"
"M2201APHJSH088","2021-Winter","AP","Rattus norvegicus"
"M2201APHJSH089","2021-Winter","AP","Rattus tanezumi"
"M2201APHWSW105","2021-Winter","AP","Berylmys sp."
"M2201APHXSH079","2021-Winter","AP","Rattus tanezumi"
"M2201APHXSH080","2021-Winter","AP","Rattus tanezumi"
"M2201APHXSH081","2021-Winter","AP","Rattus tanezumi"
"M2201APHXSH082","2021-Winter","AP","Rattus tanezumi"
"M2201APHXSH083","2021-Winter","AP","Rattus tanezumi"
"M2201APHXSH084","2021-Winter","AP","Rattus tanezumi"
"M2201APHXSH085","2021-Winter","AP","Rattus tanezumi"
"M2201APHXSH086","2021-Winter","AP","Rattus tanezumi"
"M2201APHXSH087","2021-Winter","AP","Rattus andamanensis"
"M2201APXTSW108","2021-Winter","AP","Mus caroli"
"M2201APXTSW109","2021-Winter","AP","Mus caroli"
"M2201APXTSW112","2021-Winter","AP","Mus caroli"
"M2201APXTSW113","2021-Winter","AP","Mus caroli"
"M2201APXTSW114","2021-Winter","AP","Mus caroli"
"M2201ZJBCSW152","2021-Winter","ZJ","Bandicota indica"
"M2201ZJBCSW153","2021-Winter","ZJ","Bandicota indica"
"M2201ZJBCSW154","2021-Winter","ZJ","Bandicota indica"
"M2201ZJBCSW155","2021-Winter","ZJ","Bandicota indica"
"M2201ZJBCSW156","2021-Winter","ZJ","Bandicota indica"
"M2201ZJBCSW157","2021-Winter","ZJ","Bandicota indica"
"M2201ZJBCSW158","2021-Winter","ZJ","Bandicota indica"
"M2201ZJBCSW159","2021-Winter","ZJ","Bandicota indica"
"M2201ZJHJSH174","2021-Winter","ZJ","Rattus norvegicus"
"M2201ZJHJSH175","2021-Winter","ZJ","Rattus norvegicus"
"M2201ZJHJSH176","2021-Winter","ZJ","Rattus norvegicus"
"M2201ZJHJSH177","2021-Winter","ZJ","Rattus tanezumi"
"M2201ZJHJSH179","2021-Winter","ZJ","Rattus tanezumi"
"M2201ZJHMSW161","2021-Winter","ZJ","Rattus losea"
"M2201ZJHMSW162","2021-Winter","ZJ","Rattus losea"
"M2201ZJHMSW163","2021-Winter","ZJ","Rattus losea"
"M2201ZJHMSW164","2021-Winter","ZJ","Rattus losea"
"M2201ZJHMSW165","2021-Winter","ZJ","Rattus losea"
"M2201ZJHMSW166","2021-Winter","ZJ","Rattus losea"
"M2201ZJHMSW167","2021-Winter","ZJ","Rattus losea"
"M2201ZJHMSW169","2021-Winter","ZJ","Rattus losea"
"M2201ZJHMSW170","2021-Winter","ZJ","Rattus losea"
"M2201ZJHXSH180","2021-Winter","ZJ","Rattus tanezumi"
"M2201ZJHXSH181","2021-Winter","ZJ","Rattus tanezumi"
"M2204APBCSW278","2022-Spring","AP","Bandicota indica"
"M2204APBCSW279","2022-Spring","AP","Bandicota indica"
"M2204APBCSW280","2022-Spring","AP","Bandicota indica"
"M2204APBCSW281","2022-Spring","AP","Bandicota indica"
"M2204APBCSW282","2022-Spring","AP","Rattus tanezumi"
"M2204APBCSW283","2022-Spring","AP","Bandicota indica"
"M2204APBCSW284","2022-Spring","AP","Bandicota indica"
"M2204APBCSW285","2022-Spring","AP","Bandicota indica"
"M2204APBCSW286","2022-Spring","AP","Rattus tanezumi"
"M2204APBCSW287","2022-Spring","AP","Rattus tanezumi"
"M2204APBCSW288","2022-Spring","AP","Bandicota indica"
"M2204APBCSW289","2022-Spring","AP","Bandicota indica"
"M2204APBCSW290","2022-Spring","AP","Bandicota indica"
"M2204APBCSW291","2022-Spring","AP","Bandicota indica"
"M2204APBCSW292","2022-Spring","AP","Bandicota indica"
"M2204APCQJH241","2022-Spring","AP","Suncus murinus"
"M2204APCQJH242","2022-Spring","AP","Suncus murinus"
"M2204APCQJH243","2022-Spring","AP","Suncus murinus"
"M2204APCQJH245","2022-Spring","AP","Suncus murinus"
"M2204APCQJH246","2022-Spring","AP","Suncus murinus"
"M2204APCQJH247","2022-Spring","AP","Rattus norvegicus"
"M2204APCQJH248","2022-Spring","AP","Rattus norvegicus"
"M2204APCQJH249","2022-Spring","AP","Suncus murinus"
"M2204APCQJH250","2022-Spring","AP","Suncus murinus"
"M2204APCQJH251","2022-Spring","AP","Suncus murinus"
"M2204APCQJH252","2022-Spring","AP","Suncus murinus"
"M2204APHJSH253","2022-Spring","AP","Bandicota indica"
"M2204APHJSH254","2022-Spring","AP","Rattus norvegicus"
"M2204APHJSH255","2022-Spring","AP","Rattus norvegicus"
"M2204APHJSH256","2022-Spring","AP","Rattus norvegicus"
"M2204APHJSH257","2022-Spring","AP","Rattus norvegicus"
"M2204APHJSH259","2022-Spring","AP","Rattus norvegicus"
"M2204APHJSH261","2022-Spring","AP","Rattus norvegicus"
"M2204APHJSH262","2022-Spring","AP","Rattus norvegicus"
"M2204APHJSH263","2022-Spring","AP","Rattus norvegicus"
"M2204APHJSH264","2022-Spring","AP","Rattus norvegicus"
"M2204APHMSW293","2022-Spring","AP","Bandicota indica"
"M2204APHMSW294","2022-Spring","AP","Bandicota indica"
"M2204APHMSW295","2022-Spring","AP","Rattus losea"
"M2204APHMSW296","2022-Spring","AP","Rattus losea"
"M2204APHMSW297","2022-Spring","AP","Bandicota indica"
"M2204APHXSH266","2022-Spring","AP","Rattus tanezumi"
"M2204APHXSH267","2022-Spring","AP","Rattus tanezumi"
"M2204APHXSH268","2022-Spring","AP","Rattus tanezumi"
"M2204APHXSH269","2022-Spring","AP","Rattus tanezumi"
"M2204APHXSH270","2022-Spring","AP","Bandicota indica"
"M2204APHXSH271","2022-Spring","AP","Rattus norvegicus"
"M2204APHXSH272","2022-Spring","AP","Rattus losea"
"M2204APHXSH273","2022-Spring","AP","Rattus losea"
"M2204APHXSH274","2022-Spring","AP","Rattus losea"
"M2204APHXSH275","2022-Spring","AP","Rattus tanezumi"
"M2204APHXSH276","2022-Spring","AP","Rattus norvegicus"
"M2204APHXSH277","2022-Spring","AP","Rattus norvegicus"
"M2204APXTSW298","2022-Spring","AP","Suncus murinus"
"M2204ZJBCSW223","2022-Spring","ZJ","Bandicota indica"
"M2204ZJBCSW224","2022-Spring","ZJ","Bandicota indica"
"M2204ZJBCSW225","2022-Spring","ZJ","Bandicota indica"
"M2204ZJBCSW227","2022-Spring","ZJ","Bandicota indica"
"M2204ZJBCSW228","2022-Spring","ZJ","Bandicota indica"
"M2204ZJBCSW229","2022-Spring","ZJ","Bandicota indica"
"M2204ZJBCSW230","2022-Spring","ZJ","Bandicota indica"
"M2204ZJBCSW231","2022-Spring","ZJ","Bandicota indica"
"M2204ZJBCSW232","2022-Spring","ZJ","Bandicota indica"
"M2204ZJBCSW233","2022-Spring","ZJ","Bandicota indica"
"M2204ZJBCSW234","2022-Spring","ZJ","Bandicota indica"
"M2204ZJBCSW235","2022-Spring","ZJ","Bandicota indica"
"M2204ZJBCSW236","2022-Spring","ZJ","Bandicota indica"
"M2204ZJBCSW237","2022-Spring","ZJ","Bandicota indica"
"M2204ZJCQJH196","2022-Spring","ZJ","Suncus murinus"
"M2204ZJCQJH197","2022-Spring","ZJ","Suncus murinus"
"M2204ZJCQJH199","2022-Spring","ZJ","Suncus murinus"
"M2204ZJCQJH201","2022-Spring","ZJ","Suncus murinus"
"M2204ZJCQJH203","2022-Spring","ZJ","Suncus murinus"
"M2204ZJCQJH204","2022-Spring","ZJ","Suncus murinus"
"M2204ZJCQJH206","2022-Spring","ZJ","Suncus murinus"
"M2204ZJCQJH207","2022-Spring","ZJ","Suncus murinus"
"M2204ZJCQJH209","2022-Spring","ZJ","Suncus murinus"
"M2204ZJCQJH210","2022-Spring","ZJ","Suncus murinus"
"M2204ZJHJSH183","2022-Spring","ZJ","Rattus norvegicus"
"M2204ZJHJSH184","2022-Spring","ZJ","Rattus norvegicus"
"M2204ZJHJSH185","2022-Spring","ZJ","Rattus norvegicus"
"M2204ZJHJSH186","2022-Spring","ZJ","Rattus norvegicus"
"M2204ZJHJSW211","2022-Spring","ZJ","Rattus norvegicus"
"M2204ZJHMSW214","2022-Spring","ZJ","Rattus losea"
"M2204ZJHMSW215","2022-Spring","ZJ","Rattus losea"
"M2204ZJHMSW216","2022-Spring","ZJ","Rattus losea"
"M2204ZJHMSW217","2022-Spring","ZJ","Rattus losea"
"M2204ZJHMSW219","2022-Spring","ZJ","Rattus losea"
"M2204ZJHMSW220","2022-Spring","ZJ","Rattus losea"
"M2204ZJHMSW221","2022-Spring","ZJ","Rattus losea"
"M2204ZJHMSW222","2022-Spring","ZJ","Rattus losea"
"M2204ZJHMSW238","2022-Spring","ZJ","Rattus losea"
"M2204ZJHMSW239","2022-Spring","ZJ","Rattus losea"
"M2204ZJHMSW240","2022-Spring","ZJ","Rattus losea"
"M2204ZJHXSH187","2022-Spring","ZJ","Rattus tanezumi"
"M2204ZJHXSH188","2022-Spring","ZJ","Rattus tanezumi"
"M2204ZJHXSH189","2022-Spring","ZJ","Rattus tanezumi"
"M2204ZJHXSH190","2022-Spring","ZJ","Rattus tanezumi"
"M2204ZJHXSH191","2022-Spring","ZJ","Rattus tanezumi"
"M2204ZJHXSH192","2022-Spring","ZJ","Rattus tanezumi"
"M2204ZJHXSH193","2022-Spring","ZJ","Rattus tanezumi"
"M2204ZJHXSH194","2022-Spring","ZJ","Rattus tanezumi"
"M2204ZJHXSH195","2022-Spring","ZJ","Rattus tanezumi"
"M2204ZJQMSW212","2022-Spring","ZJ","Berylmys sp."
"M2204ZJWDSW213","2022-Spring","ZJ","Rattus andamanensis"
"M2206APBCSW299","2022-Summer","AP","Bandicota indica"
"M2206APBCSW300","2022-Summer","AP","Bandicota indica"
"M2206APBCSW301","2022-Summer","AP","Bandicota indica"
"M2206APBCSW302","2022-Summer","AP","Bandicota indica"
"M2206APBCSW303","2022-Summer","AP","Bandicota indica"
"M2206APBCSW304","2022-Summer","AP","Bandicota indica"
"M2206APBCSW305","2022-Summer","AP","Bandicota indica"
"M2206APBCSW306","2022-Summer","AP","Bandicota indica"
"M2206APBCSW307","2022-Summer","AP","Bandicota indica"
"M2206APBCSW308","2022-Summer","AP","Bandicota indica"
"M2206APBCSW309","2022-Summer","AP","Bandicota indica"
"M2206APBCSW310","2022-Summer","AP","Bandicota indica"
"M2206APBCSW311","2022-Summer","AP","Bandicota indica"
"M2206APBCSW312","2022-Summer","AP","Bandicota indica"
"M2206APBCSW313","2022-Summer","AP","Bandicota indica"
"M2206APCQJH317","2022-Summer","AP","Suncus murinus"
"M2206APCQJH318","2022-Summer","AP","Suncus murinus"
"M2206APCQJH319","2022-Summer","AP","Suncus murinus"
"M2206APCQJH320","2022-Summer","AP","Suncus murinus"
"M2206APCQJH321","2022-Summer","AP","Suncus murinus"
"M2206APCQJH322","2022-Summer","AP","Suncus murinus"
"M2206APCQJH323","2022-Summer","AP","Suncus murinus"
"M2206APCQJH325","2022-Summer","AP","Suncus murinus"
"M2206APCQJH326","2022-Summer","AP","Suncus murinus"
"M2206APCQJH327","2022-Summer","AP","Suncus murinus"
"M2206APHJSH328","2022-Summer","AP","Rattus norvegicus"
"M2206APHJSH329","2022-Summer","AP","Rattus norvegicus"
"M2206APHJSH330","2022-Summer","AP","Rattus norvegicus"
"M2206APHJSH331","2022-Summer","AP","Rattus norvegicus"
"M2206APHJSH332","2022-Summer","AP","Rattus norvegicus"
"M2206APHJSH333","2022-Summer","AP","Rattus norvegicus"
"M2206APHJSH334","2022-Summer","AP","Rattus norvegicus"
"M2206APHJSH335","2022-Summer","AP","Rattus norvegicus"
"M2206APHJSH336","2022-Summer","AP","Rattus norvegicus"
"M2206APHJSH337","2022-Summer","AP","Rattus norvegicus"
"M2206APHXSH338","2022-Summer","AP","Rattus tanezumi"
"M2206APHXSH339","2022-Summer","AP","Rattus tanezumi"
"M2206APHXSH340","2022-Summer","AP","Rattus tanezumi"
"M2206APHXSH341","2022-Summer","AP","Rattus losea"
"M2206APQMSW314","2022-Summer","AP","Berylmys sp."
"M2206APXTSW315","2022-Summer","AP","Mus caroli"
"M2206APXTSW316","2022-Summer","AP","Mus caroli"
"M2206ZJBCSW365","2022-Summer","ZJ","Bandicota indica"
"M2206ZJBCSW366","2022-Summer","ZJ","Bandicota indica"
"M2206ZJBCSW369","2022-Summer","ZJ","Bandicota indica"
"M2206ZJBCSW370","2022-Summer","ZJ","Bandicota indica"
"M2206ZJCQJH342","2022-Summer","ZJ","Suncus murinus"
"M2206ZJCQJH344","2022-Summer","ZJ","Suncus murinus"
"M2206ZJHJSH346","2022-Summer","ZJ","Rattus norvegicus"
"M2206ZJHJSH347","2022-Summer","ZJ","Rattus norvegicus"
"M2206ZJHJSH348","2022-Summer","ZJ","Rattus norvegicus"
"M2206ZJHJSH349","2022-Summer","ZJ","Rattus norvegicus"
"M2206ZJHJSH351","2022-Summer","ZJ","Rattus norvegicus"
"M2206ZJHJSH352","2022-Summer","ZJ","Rattus norvegicus"
"M2206ZJHJSH354","2022-Summer","ZJ","Rattus norvegicus"
"M2206ZJHJSH355","2022-Summer","ZJ","Rattus norvegicus"
"M2206ZJHJSH356","2022-Summer","ZJ","Rattus norvegicus"
"M2206ZJHJSH358","2022-Summer","ZJ","Rattus tanezumi"
"M2206ZJHJSH359","2022-Summer","ZJ","Rattus norvegicus"
"M2206ZJHJSH360","2022-Summer","ZJ","Rattus norvegicus"
"M2206ZJHMSW371","2022-Summer","ZJ","Rattus losea"
"M2206ZJHXSH361","2022-Summer","ZJ","Rattus tanezumi"
"M2206ZJHXSH364","2022-Summer","ZJ","Rattus tanezumi"
"M2206ZJWDSW372","2022-Summer","ZJ","Rattus andamanensis"
"M2206ZJWDSW373","2022-Summer","ZJ","Rattus losea"
"M2206ZJWDSW376","2022-Summer","ZJ","Rattus losea"
"M2207APHJSH858","2022-Summer","AP","Rattus norvegicus"
"M2207APHJSH859","2022-Summer","AP","Rattus norvegicus"
"M2207ZJBCSH860","2022-Summer","ZJ","Bandicota indica"
"M2207ZJBCSH861","2022-Summer","ZJ","Rattus norvegicus"
"M2207ZJBCSW380","2022-Summer","ZJ","Bandicota indica"
"M2207ZJBCSW381","2022-Summer","ZJ","Bandicota indica"
"M2207ZJHJSW377","2022-Summer","ZJ","Rattus norvegicus"
"M2207ZJHMSH857","2022-Summer","ZJ","Rattus losea"
"M2207ZJHMSW387","2022-Summer","ZJ","Rattus losea"
"M2207ZJHMSW388","2022-Summer","ZJ","Rattus losea"
"M2207ZJHMSW389","2022-Summer","ZJ","Rattus losea"
"M2207ZJHMSW390","2022-Summer","ZJ","Rattus losea"
"M2209HYCQJH526","2022-Autumn","HY","Suncus murinus"
"M2209HYCQJH531","2022-Autumn","HY","Suncus murinus"
"M2209HYCQJH535","2022-Autumn","HY","Suncus murinus"
"M2209HYCQJW510","2022-Autumn","HY","Suncus murinus"
"M2209HYHJSH537","2022-Autumn","HY","Rattus norvegicus"
"M2209HYHJSH538","2022-Autumn","HY","Rattus norvegicus"
"M2209HYHJSH540","2022-Autumn","HY","Rattus norvegicus"
"M2209HYHJSH541","2022-Autumn","HY","Rattus norvegicus"
"M2209HYHJSH542","2022-Autumn","HY","Rattus norvegicus"
"M2209HYHJSH543","2022-Autumn","HY","Rattus norvegicus"
"M2209HYHMSH547","2022-Autumn","HY","Rattus losea"
"M2209HYHMSW512","2022-Autumn","HY","Rattus tanezumi"
"M2209HYHMSW513","2022-Autumn","HY","Rattus losea"
"M2209HYHXSH548","2022-Autumn","HY","Rattus tanezumi"
"M2209HYHXSH549","2022-Autumn","HY","Rattus tanezumi"
"M2209HYHXSH550","2022-Autumn","HY","Suncus murinus"
"M2209HYHXSH551","2022-Autumn","HY","Rattus tanezumi"
"M2209HYHXSH552","2022-Autumn","HY","Rattus losea"
"M2209HYHXSH553","2022-Autumn","HY","Rattus losea"
"M2209HYHXSH555","2022-Autumn","HY","Rattus norvegicus"
"M2209HYHXSH556","2022-Autumn","HY","Rattus tanezumi"
"M2209HYWDSW519","2022-Autumn","HY","Rattus tanezumi"
"M2209HYWDSW520","2022-Autumn","HY","Rattus andamanensis"
"M2209HYXTSW516","2022-Autumn","HY","Mus caroli"
"M2209JYCQJH558","2022-Autumn","JY","Rattus norvegicus"
"M2209JYCQJH559","2022-Autumn","JY","Suncus murinus"
"M2209JYCQJH560","2022-Autumn","JY","Suncus murinus"
"M2209JYHJSH566","2022-Autumn","JY","Rattus norvegicus"
"M2209JYHJSH567","2022-Autumn","JY","Rattus norvegicus"
"M2209JYHJSH568","2022-Autumn","JY","Rattus norvegicus"
"M2209JYHJSH569","2022-Autumn","JY","Rattus norvegicus"
"M2209JYHJSH570","2022-Autumn","JY","Rattus norvegicus"
"M2209JYHJSH571","2022-Autumn","JY","Rattus norvegicus"
"M2209JYHJSH572","2022-Autumn","JY","Rattus norvegicus"
"M2209JYHJSH573","2022-Autumn","JY","Rattus norvegicus"
"M2209JYHJSH574","2022-Autumn","JY","Rattus norvegicus"
"M2209JYHJSH575","2022-Autumn","JY","Rattus norvegicus"
"M2209JYHJSH576","2022-Autumn","JY","Rattus norvegicus"
"M2209JYHXSH561","2022-Autumn","JY","Rattus norvegicus"
"M2209JYHXSH562","2022-Autumn","JY","Rattus norvegicus"
"M2209JYHXSH563","2022-Autumn","JY","Rattus tanezumi"
"M2209JYHXSH564","2022-Autumn","JY","Rattus tanezumi"
"M2209JYHXSH565","2022-Autumn","JY","Rattus tanezumi"
"M2210ZJBCSW409","2022-Autumn","ZJ","Bandicota indica"
"M2210ZJBCSW410","2022-Autumn","ZJ","Bandicota indica"
"M2210ZJBCSW411","2022-Autumn","ZJ","Bandicota indica"
"M2210ZJBCSW415","2022-Autumn","ZJ","Bandicota indica"
"M2210ZJBCSW420","2022-Autumn","ZJ","Bandicota indica"
"M2210ZJBCSW421","2022-Autumn","ZJ","Bandicota indica"
"M2210ZJBCSW422","2022-Autumn","ZJ","Bandicota indica"
"M2210ZJBCSW423","2022-Autumn","ZJ","Bandicota indica"
"M2210ZJHJSH392","2022-Autumn","ZJ","Rattus norvegicus"
"M2210ZJHJSH393","2022-Autumn","ZJ","Rattus norvegicus"
"M2210ZJHJSH399","2022-Autumn","ZJ","Rattus norvegicus"
"M2210ZJHMSW412","2022-Autumn","ZJ","Rattus losea"
"M2210ZJHMSW416","2022-Autumn","ZJ","Rattus losea"
"M2210ZJHMSW417","2022-Autumn","ZJ","Rattus losea"
"M2210ZJHMSW418","2022-Autumn","ZJ","Rattus losea"
"M2210ZJHMSW425","2022-Autumn","ZJ","Rattus losea"
"M2210ZJHMSW426","2022-Autumn","ZJ","Rattus losea"
"M2210ZJHMSW427","2022-Autumn","ZJ","Rattus losea"
"M2210ZJHMSW428","2022-Autumn","ZJ","Rattus losea"
"M2210ZJHXSH405","2022-Autumn","ZJ","Rattus norvegicus"
"M2210ZJHXSH407","2022-Autumn","ZJ","Rattus tanezumi"
"M2210ZJHXSH408","2022-Autumn","ZJ","Rattus tanezumi"
"M2210ZJHXSH419","2022-Autumn","ZJ","Rattus tanezumi"
"M2210ZJQMSW424","2022-Autumn","ZJ","Berylmys sp."
"M2211APBCSW494","2022-Autumn","AP","Bandicota indica"
"M2211APBCSW495","2022-Autumn","AP","Bandicota indica"
"M2211APBCSW496","2022-Autumn","AP","Bandicota indica"
"M2211APBCSW497","2022-Autumn","AP","Bandicota indica"
"M2211APBCSW498","2022-Autumn","AP","Bandicota indica"
"M2211APBCSW499","2022-Autumn","AP","Bandicota indica"
"M2211APBCSW500","2022-Autumn","AP","Bandicota indica"
"M2211APBCSW501","2022-Autumn","AP","Bandicota indica"
"M2211APBCSW502","2022-Autumn","AP","Bandicota indica"
"M2211APBCSW503","2022-Autumn","AP","Bandicota indica"
"M2211APBCSW504","2022-Autumn","AP","Bandicota indica"
"M2211APBCSW505","2022-Autumn","AP","Bandicota indica"
"M2211APBCSW506","2022-Autumn","AP","Bandicota indica"
"M2211APBCSW507","2022-Autumn","AP","Bandicota indica"
"M2211APBCSW508","2022-Autumn","AP","Bandicota indica"
"M2211APCQJH458","2022-Autumn","AP","Suncus murinus"
"M2211APCQJH459","2022-Autumn","AP","Suncus murinus"
"M2211APCQJH460","2022-Autumn","AP","Suncus murinus"
"M2211APCQJH461","2022-Autumn","AP","Suncus murinus"
"M2211APCQJH462","2022-Autumn","AP","Suncus murinus"
"M2211APCQJH463","2022-Autumn","AP","Suncus murinus"
"M2211APCQJH464","2022-Autumn","AP","Suncus murinus"
"M2211APCQJH465","2022-Autumn","AP","Suncus murinus"
"M2211APCQJH466","2022-Autumn","AP","Suncus murinus"
"M2211APCQJH467","2022-Autumn","AP","Suncus murinus"
"M2211APCQJH469","2022-Autumn","AP","Suncus murinus"
"M2211APHJSH470","2022-Autumn","AP","Rattus norvegicus"
"M2211APHJSH471","2022-Autumn","AP","Rattus norvegicus"
"M2211APHJSH472","2022-Autumn","AP","Rattus norvegicus"
"M2211APHJSH473","2022-Autumn","AP","Rattus norvegicus"
"M2211APHJSH474","2022-Autumn","AP","Rattus norvegicus"
"M2211APHJSH475","2022-Autumn","AP","Rattus norvegicus"
"M2211APHJSH476","2022-Autumn","AP","Rattus norvegicus"
"M2211APHJSH477","2022-Autumn","AP","Rattus norvegicus"
"M2211APHJSH478","2022-Autumn","AP","Rattus norvegicus"
"M2211APHJSH479","2022-Autumn","AP","Rattus norvegicus"
"M2211APHJSH480","2022-Autumn","AP","Rattus norvegicus"
"M2211APHJSH481","2022-Autumn","AP","Rattus norvegicus"
"M2211APHXSH482","2022-Autumn","AP","Rattus tanezumi"
"M2211APHXSH484","2022-Autumn","AP","Rattus tanezumi"
"M2211APHXSH485","2022-Autumn","AP","Rattus tanezumi"
"M2211APHXSH486","2022-Autumn","AP","Rattus tanezumi"
"M2211APHXSH487","2022-Autumn","AP","Rattus tanezumi"
"M2211APHXSH488","2022-Autumn","AP","Rattus tanezumi"
"M2211APHXSH489","2022-Autumn","AP","Rattus tanezumi"
"M2211APHXSH490","2022-Autumn","AP","Rattus tanezumi"
"M2211APHXSH491","2022-Autumn","AP","Rattus tanezumi"
"M2211APHXSH492","2022-Autumn","AP","Rattus tanezumi"
"M2211APHXSH493","2022-Autumn","AP","Rattus tanezumi"
"M2211ZJBCSW430","2022-Autumn","ZJ","Rattus losea"
"M2211ZJBCSW436","2022-Autumn","ZJ","Bandicota indica"
"M2211ZJBCSW437","2022-Autumn","ZJ","Bandicota indica"
"M2211ZJBCSW438","2022-Autumn","ZJ","Bandicota indica"
"M2211ZJBCSW439","2022-Autumn","ZJ","Bandicota indica"
"M2211ZJCQJH446","2022-Autumn","ZJ","Suncus murinus"
"M2211ZJCQJH447","2022-Autumn","ZJ","Suncus murinus"
"M2211ZJCQJH448","2022-Autumn","ZJ","Suncus murinus"
"M2211ZJCQJH457","2022-Autumn","ZJ","Suncus murinus"
"M2211ZJHJSH444","2022-Autumn","ZJ","Rattus norvegicus"
"M2211ZJHJSH445","2022-Autumn","ZJ","Rattus norvegicus"
"M2211ZJHJSH453","2022-Autumn","ZJ","Rattus norvegicus"
"M2211ZJHJSH454","2022-Autumn","ZJ","Rattus norvegicus"
"M2211ZJHJSH455","2022-Autumn","ZJ","Rattus norvegicus"
"M2211ZJHJSH456","2022-Autumn","ZJ","Rattus norvegicus"
"M2211ZJHMSW433","2022-Autumn","ZJ","Bandicota indica"
"M2211ZJHMSW434","2022-Autumn","ZJ","Bandicota indica"
"M2211ZJHMSW435","2022-Autumn","ZJ","Rattus losea"
"M2211ZJHMSW440","2022-Autumn","ZJ","Rattus tanezumi"
"M2211ZJHMSW441","2022-Autumn","ZJ","Rattus losea"
"M2211ZJHMSW442","2022-Autumn","ZJ","Rattus losea"
"M2211ZJHMSW443","2022-Autumn","ZJ","Rattus losea"
"M2211ZJHXSH429","2022-Autumn","ZJ","Rattus tanezumi"
"M2211ZJHXSH449","2022-Autumn","ZJ","Rattus tanezumi"
"M2211ZJHXSH450","2022-Autumn","ZJ","Rattus tanezumi"
"M2211ZJHXSH451","2022-Autumn","ZJ","Rattus tanezumi"
"M2211ZJHXSH452","2022-Autumn","ZJ","Rattus tanezumi"
"M2211ZJHXSW431","2022-Autumn","ZJ","Rattus losea"
"M2211ZJHXSW432","2022-Autumn","ZJ","Bandicota indica"
"M2212SGBCSW694","2022-Winter","SG","Bandicota indica"
"M2212SGBCSW695","2022-Winter","SG","Rattus norvegicus"
"M2212SGBCSW697","2022-Winter","SG","Bandicota indica"
"M2212SGBCSW698","2022-Winter","SG","Bandicota indica"
"M2212SGBCSW699","2022-Winter","SG","Rattus norvegicus"
"M2212SGBCSW702","2022-Winter","SG","Rattus norvegicus"
"M2212SGBCSW704","2022-Winter","SG","Bandicota indica"
"M2212SGBCSW705","2022-Winter","SG","Bandicota indica"
"M2212SGCQJH661","2022-Winter","SG","Suncus murinus"
"M2212SGHJSH671","2022-Winter","SG","Rattus norvegicus"
"M2212SGHJSH672","2022-Winter","SG","Rattus norvegicus"
"M2212SGHJSH674","2022-Winter","SG","Rattus norvegicus"
"M2212SGHJSH677","2022-Winter","SG","Rattus norvegicus"
"M2212SGHJSH679","2022-Winter","SG","Rattus norvegicus"
"M2212SGHJSH680","2022-Winter","SG","Rattus norvegicus"
"M2212SGHJSH681","2022-Winter","SG","Rattus norvegicus"
"M2212SGHJSH683","2022-Winter","SG","Rattus norvegicus"
"M2212SGHJSH684","2022-Winter","SG","Rattus norvegicus"
"M2212SGHMSW706","2022-Winter","SG","Rattus tanezumi"
"M2212SGHMSW707","2022-Winter","SG","Rattus norvegicus"
"M2212SGHMSW708","2022-Winter","SG","Rattus norvegicus"
"M2212SGHMSW709","2022-Winter","SG","Rattus norvegicus"
"M2212SGHMSW710","2022-Winter","SG","Rattus norvegicus"
"M2212SGHMSW711","2022-Winter","SG","Rattus losea"
"M2212SGHMSW712","2022-Winter","SG","Rattus norvegicus"
"M2212SGHMSW713","2022-Winter","SG","Rattus norvegicus"
"M2212SGHMSW714","2022-Winter","SG","Rattus norvegicus"
"M2212SGHMSW715","2022-Winter","SG","Rattus norvegicus"
"M2212SGHMSW716","2022-Winter","SG","Rattus norvegicus"
"M2212SGHMSW717","2022-Winter","SG","Rattus norvegicus"
"M2212SGHMSW718","2022-Winter","SG","Rattus norvegicus"
"M2212SGHMSW719","2022-Winter","SG","Rattus norvegicus"
"M2212SGHMSW720","2022-Winter","SG","Rattus norvegicus"
"M2212SGHXSH662","2022-Winter","SG","Rattus norvegicus"
"M2212SGHXSH663","2022-Winter","SG","Rattus tanezumi"
"M2212SGHXSH664","2022-Winter","SG","Rattus tanezumi"
"M2212SGHXSH667","2022-Winter","SG","Rattus tanezumi"
"M2212SGHXSH668","2022-Winter","SG","Rattus tanezumi"
"M2212SGM035","2022-Winter","SG","Rattus norvegicus"
"M2212SGWDSW690","2022-Winter","SG","Rattus andamanensis"
"M2212SSBCSW622","2022-Winter","SS","Bandicota indica"
"M2212SSBCSW624","2022-Winter","SS","Bandicota indica"
"M2212SSBCSW627","2022-Winter","SS","Bandicota indica"
"M2212SSCQJH632","2022-Winter","SS","Suncus murinus"
"M2212SSHJSH636","2022-Winter","SS","Rattus norvegicus"
"M2212SSHJSH638","2022-Winter","SS","Rattus norvegicus"
"M2212SSHJSH640","2022-Winter","SS","Rattus norvegicus"
"M2212SSHJSH641","2022-Winter","SS","Rattus norvegicus"
"M2212SSHJSH643","2022-Winter","SS","Rattus norvegicus"
"M2212SSHJSH644","2022-Winter","SS","Rattus norvegicus"
"M2212SSHJSH645","2022-Winter","SS","Rattus norvegicus"
"M2212SSHXSH649","2022-Winter","SS","Rattus losea"
"M2212SSHXSH650","2022-Winter","SS","Rattus tanezumi"
"M2212SSHXSH651","2022-Winter","SS","Rattus tanezumi"
"M2212SSHXSH654","2022-Winter","SS","Rattus andamanensis"
"M2212SSHXSH655","2022-Winter","SS","Rattus andamanensis"
"M2212SSHXSH656","2022-Winter","SS","Rattus norvegicus"
"M2212SSHXSH659","2022-Winter","SS","Rattus norvegicus"
"M2212SSHXSH660","2022-Winter","SS","Rattus norvegicus"
"M2212SZBCSW721","2022-Winter","SZ","Bandicota indica"
"M2212SZBCSW722","2022-Winter","SZ","Bandicota indica"
"M2212SZHJSH754","2022-Winter","SZ","Rattus norvegicus"
"M2212SZHJSH755","2022-Winter","SZ","Rattus norvegicus"
"M2212SZHJSH756","2022-Winter","SZ","Rattus norvegicus"
"M2212SZHJSH757","2022-Winter","SZ","Rattus norvegicus"
"M2212SZHJSH758","2022-Winter","SZ","Rattus norvegicus"
"M2212SZHJSH759","2022-Winter","SZ","Rattus norvegicus"
"M2212SZHJSH760","2022-Winter","SZ","Rattus norvegicus"
"M2212SZHJSH761","2022-Winter","SZ","Rattus norvegicus"
"M2212SZHJSH762","2022-Winter","SZ","Rattus norvegicus"
"M2212SZHJSH763","2022-Winter","SZ","Rattus norvegicus"
"M2212SZHJSH764","2022-Winter","SZ","Rattus norvegicus"
"M2212SZHJSH765","2022-Winter","SZ","Rattus norvegicus"
"M2212SZHJSH766","2022-Winter","SZ","Rattus norvegicus"
"M2212SZHJSH767","2022-Winter","SZ","Rattus norvegicus"
"M2212SZHJSH768","2022-Winter","SZ","Rattus norvegicus"
"M2212SZHJSH769","2022-Winter","SZ","Rattus norvegicus"
"M2212SZHJSH770","2022-Winter","SZ","Rattus norvegicus"
"M2212SZHMSW723","2022-Winter","SZ","Rattus losea"
"M2212SZHMSW724","2022-Winter","SZ","Rattus losea"
"M2212SZHMSW725","2022-Winter","SZ","Rattus losea"
"M2212SZHMSW726","2022-Winter","SZ","Rattus losea"
"M2212SZHMSW727","2022-Winter","SZ","Rattus losea"
"M2212SZHMSW728","2022-Winter","SZ","Rattus losea"
"M2212SZHMSW729","2022-Winter","SZ","Rattus losea"
"M2212SZHMSW730","2022-Winter","SZ","Rattus losea"
"M2212SZHXSH739","2022-Winter","SZ","Rattus tanezumi"
"M2212SZHXSH741","2022-Winter","SZ","Rattus tanezumi"
"M2212SZHXSH742","2022-Winter","SZ","Rattus tanezumi"
"M2212SZHXSH743","2022-Winter","SZ","Rattus tanezumi"
"M2212SZHXSH744","2022-Winter","SZ","Rattus tanezumi"
"M2212SZHXSH745","2022-Winter","SZ","Rattus tanezumi"
"M2212SZHXSH746","2022-Winter","SZ","Rattus tanezumi"
"M2212SZHXSH747","2022-Winter","SZ","Rattus tanezumi"
"M2212SZHXSH748","2022-Winter","SZ","Rattus tanezumi"
"M2212SZHXSH749","2022-Winter","SZ","Rattus tanezumi"
"M2212SZHXSH750","2022-Winter","SZ","Rattus tanezumi"
"M2212SZHXSH751","2022-Winter","SZ","Rattus tanezumi"
"M2212SZHXSH752","2022-Winter","SZ","Rattus tanezumi"
"M2212SZHXSH753","2022-Winter","SZ","Rattus tanezumi"
"M2212SZM095","2022-Winter","SZ","Rattus tanezumi"
"M2212SZWDSW731","2022-Winter","SZ","Rattus andamanensis"
"M2212SZWDSW734","2022-Winter","SZ","Rattus losea"
"M2212SZWDSW735","2022-Winter","SZ","Rattus andamanensis"
"M2212SZWDSW736","2022-Winter","SZ","Rattus andamanensis"
"M2212SZWDSW737","2022-Winter","SZ","Rattus tanezumi"
"M2212SZXTSW738","2022-Winter","SZ","Mus caroli"
"M2212YFBCSH581","2022-Winter","YF","Bandicota indica"
"M2212YFBCSH582","2022-Winter","YF","Bandicota indica"
"M2212YFBCSW592","2022-Winter","YF","Bandicota indica"
"M2212YFBCSW593","2022-Winter","YF","Bandicota indica"
"M2212YFBCSW595","2022-Winter","YF","Bandicota indica"
"M2212YFHMSW599","2022-Winter","YF","Rattus andamanensis"
"M2212YFHMSW600","2022-Winter","YF","Rattus losea"
"M2212YFQMSW587","2022-Winter","YF","Berylmys sp."
"M2212YFShSW588","2022-Winter","YF","Niviventer lotipes"
"M2212YFWDSW606","2022-Winter","YF","Rattus andamanensis"
"M2212YFWDSW607","2022-Winter","YF","Rattus andamanensis"
"M2212YFWDSW609","2022-Winter","YF","Rattus andamanensis"
"M2212YFWDSW614","2022-Winter","YF","Rattus andamanensis"
"M2212YFWDSW615","2022-Winter","YF","Rattus andamanensis"
"M2212YFWDSW616","2022-Winter","YF","Rattus andamanensis"
"M2212YFWDSW617","2022-Winter","YF","Rattus andamanensis"
"M2212YFWDSW619","2022-Winter","YF","Rattus andamanensis"
"M2212YFWDSW620","2022-Winter","YF","Rattus andamanensis"
"M2301APBCSW796","2022-Winter","AP","Bandicota indica"
"M2301APBCSW797","2022-Winter","AP","Bandicota indica"
"M2301APBCSW799","2022-Winter","AP","Bandicota indica"
"M2301APBCSW800","2022-Winter","AP","Bandicota indica"
"M2301APBCSW801","2022-Winter","AP","Bandicota indica"
"M2301APBCSW802","2022-Winter","AP","Bandicota indica"
"M2301APBCSW803","2022-Winter","AP","Bandicota indica"
"M2301APBCSW804","2022-Winter","AP","Bandicota indica"
"M2301APBCSW805","2022-Winter","AP","Bandicota indica"
"M2301APBCSW806","2022-Winter","AP","Bandicota indica"
"M2301APBCSW807","2022-Winter","AP","Bandicota indica"
"M2301APBCSW808","2022-Winter","AP","Bandicota indica"
"M2301APBCSW809","2022-Winter","AP","Bandicota indica"
"M2301APCQJH771","2022-Winter","AP","Suncus murinus"
"M2301APHJSH781","2022-Winter","AP","Rattus norvegicus"
"M2301APHJSH782","2022-Winter","AP","Rattus norvegicus"
"M2301APHJSH784","2022-Winter","AP","Rattus norvegicus"
"M2301APHJSH785","2022-Winter","AP","Rattus norvegicus"
"M2301APHJSH786","2022-Winter","AP","Rattus norvegicus"
"M2301APHJSH787","2022-Winter","AP","Rattus norvegicus"
"M2301APHJSH788","2022-Winter","AP","Rattus norvegicus"
"M2301APHJSH789","2022-Winter","AP","Rattus norvegicus"
"M2301APHJSH790","2022-Winter","AP","Rattus norvegicus"
"M2301APHJSH791","2022-Winter","AP","Rattus norvegicus"
"M2301APHJSH792","2022-Winter","AP","Rattus norvegicus"
"M2301APHJSH793","2022-Winter","AP","Rattus norvegicus"
"M2301APHJSH794","2022-Winter","AP","Rattus norvegicus"
"M2301APHJSH795","2022-Winter","AP","Rattus norvegicus"
"M2301APHXSH774","2022-Winter","AP","Rattus tanezumi"
"M2301APHXSH775","2022-Winter","AP","Rattus tanezumi"
"M2301APHXSH776","2022-Winter","AP","Rattus norvegicus"
"M2301APHXSH777","2022-Winter","AP","Rattus tanezumi"
"M2301APHXSH778","2022-Winter","AP","Rattus tanezumi"
"M2301APHXSW779","2022-Winter","AP","Rattus tanezumi"
"M2301ZJBCSW814","2022-Winter","ZJ","Bandicota indica"
"M2301ZJBCSW815","2022-Winter","ZJ","Bandicota indica"
"M2301ZJBCSW816","2022-Winter","ZJ","Bandicota indica"
"M2301ZJBCSW817","2022-Winter","ZJ","Bandicota indica"
"M2301ZJBCSW818","2022-Winter","ZJ","Bandicota indica"
"M2301ZJBCSW820","2022-Winter","ZJ","Bandicota indica"
"M2301ZJCQJH811","2022-Winter","ZJ","Suncus murinus"
"M2301ZJHJSH842","2022-Winter","ZJ","Rattus norvegicus"
"M2301ZJHJSH843","2022-Winter","ZJ","Rattus norvegicus"
"M2301ZJHJSH846","2022-Winter","ZJ","Rattus norvegicus"
"M2301ZJHJSH847","2022-Winter","ZJ","Rattus tanezumi"
"M2301ZJHJSH848","2022-Winter","ZJ","Rattus norvegicus"
"M2301ZJHJSH850","2022-Winter","ZJ","Rattus tanezumi"
"M2301ZJHJSH851","2022-Winter","ZJ","Rattus tanezumi"
"M2301ZJHMSW083","2022-Winter","ZJ","Rattus losea"
"M2301ZJHMSW824","2022-Winter","ZJ","Rattus losea"
"M2301ZJHMSW825","2022-Winter","ZJ","Rattus losea"
"M2301ZJHMSW826","2022-Winter","ZJ","Rattus losea"
"M2301ZJHMSW827","2022-Winter","ZJ","Rattus losea"
"M2301ZJHMSW828","2022-Winter","ZJ","Rattus losea"
"M2301ZJHMSW829","2022-Winter","ZJ","Rattus losea"
"M2301ZJHMSW830","2022-Winter","ZJ","Rattus losea"
"M2301ZJHMSW831","2022-Winter","ZJ","Rattus losea"
"M2301ZJHMSW854","2022-Winter","ZJ","Rattus losea"
"M2301ZJHXSH832","2022-Winter","ZJ","Rattus tanezumi"
"M2301ZJHXSH833","2022-Winter","ZJ","Rattus tanezumi"
"M2301ZJHXSH834","2022-Winter","ZJ","Rattus tanezumi"
"M2301ZJHXSH835","2022-Winter","ZJ","Rattus norvegicus"
"M2301ZJHXSH837","2022-Winter","ZJ","Rattus tanezumi"
"M2301ZJHXSH838","2022-Winter","ZJ","Rattus tanezumi"
"M2301ZJHXSH839","2022-Winter","ZJ","Rattus tanezumi"
"M2301ZJHXSH840","2022-Winter","ZJ","Rattus norvegicus"
"M2301ZJHXSH841","2022-Winter","ZJ","Rattus norvegicus"
"M2201APBCSW100","2021-Winter","AP","Bandicota indica"
"M2201APXTSW110","2021-Winter","AP","Mus caroli"
"M2201APXTSW111","2021-Winter","AP","Mus caroli"
"M2212SGBCSW692","2022-Winter","SG","Rattus norvegicus"
"M2212SGBCSW693","2022-Winter","SG","Rattus norvegicus"
"M2212SGBCSW696","2022-Winter","SG","Rattus norvegicus"
"M2212SGBCSW700","2022-Winter","SG","Rattus norvegicus"
"M2212SGBCSW701","2022-Winter","SG","Bandicota indica"
"M2212SGHJSH678","2022-Winter","SG","Rattus norvegicus"
"M2212SGHJSH682","2022-Winter","SG","Rattus norvegicus"
"M2212SGHJSH685","2022-Winter","SG","Rattus norvegicus"
"M2212SSBCSW626","2022-Winter","SS","Bandicota indica"
"M2212SZWDSW732","2022-Winter","SZ","Rattus andamanensis"
