"Hos_Taxo","Taxo","Collected_Time","Collected_Region","Value","Freq","Sum","Positiveta_Rate"
"Bandicota indica","Angiostrongylus cantonensis","2021-Winter","DB","Positive",3,20,0.15
"Bandicota indica","Angiostrongylus cantonensis","2021-Winter","ZJ","Positive",1,15,0.0666666666666667
"Bandicota indica","Angiostrongylus cantonensis","2022-Autumn","AP","Positive",7,15,0.466666666666667
"Bandicota indica","Angiostrongylus cantonensis","2022-Autumn","ZJ","Positive",2,15,0.133333333333333
"Bandicota indica","Angiostrongylus cantonensis","2022-Spring","AP","Positive",2,17,0.117647058823529
"Bandicota indica","Angiostrongylus cantonensis","2022-Spring","ZJ","Positive",2,14,0.142857142857143
"Bandicota indica","Angiostrongylus cantonensis","2022-Summer","AP","Positive",1,15,0.0666666666666667
"Bandicota indica","Angiostrongylus cantonensis","2022-Winter","ZJ","Positive",1,6,0.166666666666667
"Bandicota indica","Bartonella sp","2022-Winter","AP","Positive",1,13,0.0769230769230769
"Bandicota indica","Bastrovirus Rat","2022-Autumn","AP","Positive",1,15,0.0666666666666667
"Bandicota indica","Bastrovirus Rat","2022-Winter","ZJ","Positive",1,6,0.166666666666667
"Bandicota indica","Beilong virus","2022-Summer","ZJ","Positive",1,7,0.142857142857143
"Bandicota indica","Betacoronavirus 1","2021-Winter","AP","Positive",1,14,0.0714285714285714
"Bandicota indica","Betacoronavirus 1","2021-Winter","DB","Positive",15,20,0.75
"Bandicota indica","Betacoronavirus 1","2022-Spring","AP","Positive",2,17,0.117647058823529
"Bandicota indica","Betacoronavirus 1","2022-Winter","ZJ","Positive",1,6,0.166666666666667
"Bandicota indica","Chilomastix sp","2021-Winter","DB","Positive",1,20,0.05
"Bandicota indica","Chlamydia muridarum","2021-Winter","AP","Positive",1,14,0.0714285714285714
"Bandicota indica","Chlamydia muridarum","2021-Winter","DB","Positive",1,20,0.05
"Bandicota indica","Chlamydia muridarum","2021-Winter","ZJ","Positive",1,15,0.0666666666666667
"Bandicota indica","Chlamydia muridarum","2022-Summer","ZJ","Positive",1,7,0.142857142857143
"Bandicota indica","Chlamydia muridarum","2022-Winter","AP","Positive",2,13,0.153846153846154
"Bandicota indica","Chlamydia muridarum","2022-Winter","ZJ","Positive",1,6,0.166666666666667
"Bandicota indica","Cryptosporidium ubiquitum","2021-Winter","DB","Positive",1,20,0.05
"Bandicota indica","Desulfovibrio piger","2021-Winter","AP","Positive",1,14,0.0714285714285714
"Bandicota indica","Desulfovibrio piger","2021-Winter","DB","Positive",1,20,0.05
"Bandicota indica","Desulfovibrio piger","2022-Autumn","AP","Positive",1,15,0.0666666666666667
"Bandicota indica","Desulfovibrio piger","2022-Winter","SZ","Positive",1,2,0.5
"Bandicota indica","Eimeria falciformis","2021-Winter","AP","Positive",2,14,0.142857142857143
"Bandicota indica","Eimeria falciformis","2022-Spring","ZJ","Positive",2,14,0.142857142857143
"Bandicota indica","Eimeria falciformis","2022-Summer","AP","Positive",1,15,0.0666666666666667
"Bandicota indica","Fox fecal picobirnavirus","2021-Winter","DB","Positive",1,20,0.05
"Bandicota indica","Giardia sp1","2021-Winter","AP","Positive",1,14,0.0714285714285714
"Bandicota indica","Giardia sp1","2021-Winter","DB","Positive",2,20,0.1
"Bandicota indica","Giardia sp1","2022-Autumn","ZJ","Positive",1,15,0.0666666666666667
"Bandicota indica","Giardia sp1","2022-Spring","AP","Positive",1,17,0.0588235294117647
"Bandicota indica","Guangdong Bandicota indica astrovirus","2021-Winter","DB","Positive",4,20,0.2
"Bandicota indica","Guangdong bunya-like virus 1","2021-Winter","DB","Positive",1,20,0.05
"Bandicota indica","Guangdong bunya-like virus 1","2022-Spring","AP","Positive",1,17,0.0588235294117647
"Bandicota indica","Guangdong bunya-like virus 1","2022-Winter","SG","Positive",1,6,0.166666666666667
"Bandicota indica","Guangdong bunya-like virus 3","2022-Winter","SG","Positive",1,6,0.166666666666667
"Bandicota indica","Guangdong bunya-like virus 4","2022-Spring","AP","Positive",1,17,0.0588235294117647
"Bandicota indica","Guangdong levi-like virus 11","2022-Autumn","AP","Positive",1,15,0.0666666666666667
"Bandicota indica","Guangdong levi-like virus 13","2021-Winter","AP","Positive",1,14,0.0714285714285714
"Bandicota indica","Guangdong levi-like virus 14","2022-Autumn","AP","Positive",1,15,0.0666666666666667
"Bandicota indica","Guangdong levi-like virus 16","2022-Autumn","ZJ","Positive",1,15,0.0666666666666667
"Bandicota indica","Guangdong levi-like virus 2","2022-Spring","AP","Positive",1,17,0.0588235294117647
"Bandicota indica","Guangdong levi-like virus 4","2021-Winter","DB","Positive",1,20,0.05
"Bandicota indica","Guangdong levi-like virus 5","2022-Winter","AP","Positive",1,13,0.0769230769230769
"Bandicota indica","Guangdong levi-like virus 6","2022-Spring","AP","Positive",1,17,0.0588235294117647
"Bandicota indica","Guangdong levi-like virus 9","2021-Winter","DB","Positive",1,20,0.05
"Bandicota indica","Guangdong mito-like virus 11","2022-Autumn","AP","Positive",1,15,0.0666666666666667
"Bandicota indica","Guangdong mito-like virus 11","2022-Spring","AP","Positive",1,17,0.0588235294117647
"Bandicota indica","Guangdong mito-like virus 11","2022-Winter","ZJ","Positive",1,6,0.166666666666667
"Bandicota indica","Guangdong mito-like virus 8","2021-Winter","DB","Positive",1,20,0.05
"Bandicota indica","Guangdong mito-like virus 8","2021-Winter","ZJ","Positive",1,15,0.0666666666666667
"Bandicota indica","Guangdong murine mastadenovirus 2","2021-Winter","AP","Positive",1,14,0.0714285714285714
"Bandicota indica","Guangdong murine mastadenovirus 2","2021-Winter","DB","Positive",1,20,0.05
"Bandicota indica","Guangdong murine mastadenovirus 2","2022-Winter","AP","Positive",1,13,0.0769230769230769
"Bandicota indica","Guangdong murine mastadenovirus 2","2022-Winter","ZJ","Positive",1,6,0.166666666666667
"Bandicota indica","Guangdong partiti-like virus 14","2022-Autumn","AP","Positive",1,15,0.0666666666666667
"Bandicota indica","Guangdong partiti-like virus 14","2022-Spring","AP","Positive",1,17,0.0588235294117647
"Bandicota indica","Guangdong partiti-like virus 2","2021-Winter","DB","Positive",1,20,0.05
"Bandicota indica","Guangdong phenuiviridae-like virus","2022-Autumn","AP","Positive",1,15,0.0666666666666667
"Bandicota indica","Guangdong picorna-like virus 8","2021-Winter","AP","Positive",2,14,0.142857142857143
"Bandicota indica","Guangdong picorna-like virus 8","2022-Spring","AP","Positive",1,17,0.0588235294117647
"Bandicota indica","Guangdong rodent anellovirus 3","2021-Winter","AP","Positive",1,14,0.0714285714285714
"Bandicota indica","Guangdong rodent anellovirus 3","2021-Winter","DB","Positive",1,20,0.05
"Bandicota indica","Guangdong rodent anellovirus 3","2022-Winter","SG","Positive",2,6,0.333333333333333
"Bandicota indica","Guangdong rodent anellovirus 3","2022-Winter","YF","Positive",1,5,0.2
"Bandicota indica","Guangdong rodent arterivirus 1","2021-Winter","AP","Positive",3,14,0.214285714285714
"Bandicota indica","Guangdong rodent arterivirus 1","2021-Winter","DB","Positive",9,20,0.45
"Bandicota indica","Guangdong rodent arterivirus 1","2021-Winter","ZJ","Positive",3,15,0.2
"Bandicota indica","Guangdong rodent arterivirus 1","2022-Autumn","AP","Positive",8,15,0.533333333333333
"Bandicota indica","Guangdong rodent arterivirus 1","2022-Autumn","ZJ","Positive",8,15,0.533333333333333
"Bandicota indica","Guangdong rodent arterivirus 1","2022-Spring","AP","Positive",3,17,0.176470588235294
"Bandicota indica","Guangdong rodent arterivirus 1","2022-Spring","ZJ","Positive",5,14,0.357142857142857
"Bandicota indica","Guangdong rodent arterivirus 1","2022-Summer","AP","Positive",6,15,0.4
"Bandicota indica","Guangdong rodent arterivirus 1","2022-Summer","ZJ","Positive",1,7,0.142857142857143
"Bandicota indica","Guangdong rodent arterivirus 1","2022-Winter","AP","Positive",5,13,0.384615384615385
"Bandicota indica","Guangdong rodent arterivirus 1","2022-Winter","YF","Positive",1,5,0.2
"Bandicota indica","Guangdong rodent arterivirus 1","2022-Winter","ZJ","Positive",2,6,0.333333333333333
"Bandicota indica","Guangdong rodent dependoparvovirus 4","2021-Winter","AP","Positive",1,14,0.0714285714285714
"Bandicota indica","Guangdong rodent dependoparvovirus 4","2021-Winter","DB","Positive",5,20,0.25
"Bandicota indica","Guangdong rodent dependoparvovirus 4","2022-Spring","ZJ","Positive",1,14,0.0714285714285714
"Bandicota indica","Guangdong rodent dependoparvovirus 4","2022-Winter","AP","Positive",1,13,0.0769230769230769
"Bandicota indica","Guangdong rodent mastadenovirus 1","2021-Winter","DB","Positive",2,20,0.1
"Bandicota indica","Guangdong rodent mastadenovirus 1","2022-Winter","ZJ","Positive",1,6,0.166666666666667
"Bandicota indica","Guangdong rodent orbivirus","2022-Autumn","AP","Positive",1,15,0.0666666666666667
"Bandicota indica","Guangdong rodent orbivirus","2022-Spring","ZJ","Positive",1,14,0.0714285714285714
"Bandicota indica","Guangdong rodent orbivirus","2022-Winter","AP","Positive",1,13,0.0769230769230769
"Bandicota indica","Guangdong rodent orthopicobirnavirus 10","2022-Winter","SG","Positive",1,6,0.166666666666667
"Bandicota indica","Guangdong rodent orthopicobirnavirus 11","2022-Autumn","AP","Positive",1,15,0.0666666666666667
"Bandicota indica","Guangdong rodent orthopicobirnavirus 12","2022-Winter","AP","Positive",1,13,0.0769230769230769
"Bandicota indica","Guangdong rodent orthopicobirnavirus 13","2021-Winter","ZJ","Positive",1,15,0.0666666666666667
"Bandicota indica","Guangdong rodent orthopicobirnavirus 21","2022-Winter","SZ","Positive",1,2,0.5
"Bandicota indica","Guangdong rodent orthopicobirnavirus 26","2022-Autumn","AP","Positive",1,15,0.0666666666666667
"Bandicota indica","Guangdong rodent orthopicobirnavirus 27","2022-Winter","ZJ","Positive",1,6,0.166666666666667
"Bandicota indica","Guangdong rodent orthopicobirnavirus 29","2021-Winter","DB","Positive",1,20,0.05
"Bandicota indica","Guangdong rodent orthopicobirnavirus 36","2022-Autumn","AP","Positive",1,15,0.0666666666666667
"Bandicota indica","Guangdong rodent picorna-like virus 14","2021-Winter","DB","Positive",3,20,0.15
"Bandicota indica","Guangdong rodent picornabirus 11","2022-Winter","AP","Positive",1,13,0.0769230769230769
"Bandicota indica","Guangdong rodent picornabirus 8","2021-Winter","DB","Positive",1,20,0.05
"Bandicota indica","Guangdong rodent torque teno virus 1","2021-Winter","AP","Positive",5,14,0.357142857142857
"Bandicota indica","Guangdong rodent torque teno virus 1","2021-Winter","DB","Positive",2,20,0.1
"Bandicota indica","Guangdong rodent torque teno virus 1","2021-Winter","ZJ","Positive",6,15,0.4
"Bandicota indica","Guangdong rodent torque teno virus 1","2022-Autumn","AP","Positive",4,15,0.266666666666667
"Bandicota indica","Guangdong rodent torque teno virus 1","2022-Autumn","ZJ","Positive",1,15,0.0666666666666667
"Bandicota indica","Guangdong rodent torque teno virus 1","2022-Spring","AP","Positive",8,17,0.470588235294118
"Bandicota indica","Guangdong rodent torque teno virus 1","2022-Spring","ZJ","Positive",4,14,0.285714285714286
"Bandicota indica","Guangdong rodent torque teno virus 1","2022-Summer","AP","Positive",1,15,0.0666666666666667
"Bandicota indica","Guangdong rodent torque teno virus 1","2022-Summer","ZJ","Positive",1,7,0.142857142857143
"Bandicota indica","Guangdong rodent torque teno virus 1","2022-Winter","AP","Positive",6,13,0.461538461538462
"Bandicota indica","Guangdong rodent torque teno virus 1","2022-Winter","YF","Positive",1,5,0.2
"Bandicota indica","Guangdong rodent torque teno virus 1","2022-Winter","ZJ","Positive",2,6,0.333333333333333
"Bandicota indica","Guangdong rosa-like virus","2021-Winter","DB","Positive",2,20,0.1
"Bandicota indica","Guangdong tombus-like virus 10","2021-Winter","DB","Positive",3,20,0.15
"Bandicota indica","Guangdong tombus-like virus 13","2021-Winter","DB","Positive",1,20,0.05
"Bandicota indica","Guangdong tombus-like virus 13","2022-Spring","AP","Positive",1,17,0.0588235294117647
"Bandicota indica","Guangdong tombus-like virus 13","2022-Winter","ZJ","Positive",1,6,0.166666666666667
"Bandicota indica","Guangdong tombus-like virus 14","2022-Winter","ZJ","Positive",1,6,0.166666666666667
"Bandicota indica","Guangdong tombus-like virus 16","2021-Winter","DB","Positive",1,20,0.05
"Bandicota indica","Guangdong tombus-like virus 17","2021-Winter","AP","Positive",1,14,0.0714285714285714
"Bandicota indica","Guangdong tombus-like virus 7","2021-Winter","AP","Positive",2,14,0.142857142857143
"Bandicota indica","Guangdong tombus-like virus 7","2021-Winter","DB","Positive",5,20,0.25
"Bandicota indica","Guangdong toti-like virus 1","2022-Spring","AP","Positive",1,17,0.0588235294117647
"Bandicota indica","Guangdong toti-like virus 4","2022-Autumn","AP","Positive",1,15,0.0666666666666667
"Bandicota indica","Guangdong toti-like virus 5","2022-Autumn","AP","Positive",1,15,0.0666666666666667
"Bandicota indica","Hunnivirus A","2021-Winter","DB","Positive",4,20,0.2
"Bandicota indica","Hypotrichomonas","2021-Winter","DB","Positive",2,20,0.1
"Bandicota indica","Hypotrichomonas","2022-Spring","AP","Positive",1,17,0.0588235294117647
"Bandicota indica","Hypotrichomonas","2022-Winter","YF","Positive",1,5,0.2
"Bandicota indica","Marmot picobirnavirus","2021-Winter","AP","Positive",1,14,0.0714285714285714
"Bandicota indica","Marmot picobirnavirus","2022-Summer","AP","Positive",1,15,0.0666666666666667
"Bandicota indica","Monocercomonoides","2022-Spring","AP","Positive",1,17,0.0588235294117647
"Bandicota indica","Murine kobuvirus","2021-Winter","DB","Positive",4,20,0.2
"Bandicota indica","Murine kobuvirus","2022-Autumn","AP","Positive",1,15,0.0666666666666667
"Bandicota indica","Nippostrongylus brasiliensis","2022-Autumn","AP","Positive",1,15,0.0666666666666667
"Bandicota indica","Nippostrongylus brasiliensis","2022-Spring","AP","Positive",1,17,0.0588235294117647
"Bandicota indica","Norwalk virus","2021-Winter","DB","Positive",1,20,0.05
"Bandicota indica","Norwalk virus","2022-Autumn","ZJ","Positive",1,15,0.0666666666666667
"Bandicota indica","Orthohantavirus seoulense","2022-Summer","AP","Positive",1,15,0.0666666666666667
"Bandicota indica","Oryza sativa","2022-Winter","SZ","Positive",1,2,0.5
"Bandicota indica","Parabovirus A","2021-Winter","DB","Positive",3,20,0.15
"Bandicota indica","Pneumocystis murina","2022-Autumn","ZJ","Positive",1,15,0.0666666666666667
"Bandicota indica","Pneumocystis murina","2022-Spring","AP","Positive",2,17,0.117647058823529
"Bandicota indica","Pneumocystis murina","2022-Winter","SG","Positive",1,6,0.166666666666667
"Bandicota indica","Pneumocystis wakefieldiae","2021-Winter","AP","Positive",4,14,0.285714285714286
"Bandicota indica","Pneumocystis wakefieldiae","2021-Winter","DB","Positive",2,20,0.1
"Bandicota indica","Pneumocystis wakefieldiae","2021-Winter","ZJ","Positive",4,15,0.266666666666667
"Bandicota indica","Pneumocystis wakefieldiae","2022-Autumn","ZJ","Positive",3,15,0.2
"Bandicota indica","Pneumocystis wakefieldiae","2022-Spring","AP","Positive",1,17,0.0588235294117647
"Bandicota indica","Pneumocystis wakefieldiae","2022-Spring","ZJ","Positive",1,14,0.0714285714285714
"Bandicota indica","Pneumocystis wakefieldiae","2022-Summer","AP","Positive",2,15,0.133333333333333
"Bandicota indica","Pneumocystis wakefieldiae","2022-Summer","ZJ","Positive",1,7,0.142857142857143
"Bandicota indica","Pneumocystis wakefieldiae","2022-Winter","AP","Positive",4,13,0.307692307692308
"Bandicota indica","Pneumocystis wakefieldiae","2022-Winter","SG","Positive",3,6,0.5
"Bandicota indica","Porcine bocavirus","2021-Winter","AP","Positive",5,14,0.357142857142857
"Bandicota indica","Porcine bocavirus","2021-Winter","DB","Positive",2,20,0.1
"Bandicota indica","Porcine bocavirus","2022-Spring","AP","Positive",1,17,0.0588235294117647
"Bandicota indica","Porcine bocavirus","2022-Spring","ZJ","Positive",3,14,0.214285714285714
"Bandicota indica","Rabovirus A","2021-Winter","DB","Positive",1,20,0.05
"Bandicota indica","Rabovirus A","2022-Winter","YF","Positive",1,5,0.2
"Bandicota indica","Rat hepatitis E virus","2021-Winter","AP","Positive",1,14,0.0714285714285714
"Bandicota indica","Rat hepatitis E virus","2021-Winter","ZJ","Positive",7,15,0.466666666666667
"Bandicota indica","Rat hepatitis E virus","2022-Autumn","AP","Positive",9,15,0.6
"Bandicota indica","Rat hepatitis E virus","2022-Autumn","ZJ","Positive",6,15,0.4
"Bandicota indica","Rat hepatitis E virus","2022-Spring","AP","Positive",7,17,0.411764705882353
"Bandicota indica","Rat hepatitis E virus","2022-Spring","ZJ","Positive",6,14,0.428571428571429
"Bandicota indica","Rat hepatitis E virus","2022-Summer","AP","Positive",2,15,0.133333333333333
"Bandicota indica","Rat hepatitis E virus","2022-Summer","ZJ","Positive",1,7,0.142857142857143
"Bandicota indica","Rat hepatitis E virus","2022-Winter","AP","Positive",2,13,0.153846153846154
"Bandicota indica","Rat hepatitis E virus","2022-Winter","ZJ","Positive",3,6,0.5
"Bandicota indica","Rat minute virus 2a","2021-Winter","AP","Positive",5,14,0.357142857142857
"Bandicota indica","Rat minute virus 2a","2021-Winter","DB","Positive",12,20,0.6
"Bandicota indica","Rat minute virus 2a","2021-Winter","ZJ","Positive",3,15,0.2
"Bandicota indica","Rat minute virus 2a","2022-Autumn","AP","Positive",3,15,0.2
"Bandicota indica","Rat minute virus 2a","2022-Spring","AP","Positive",2,17,0.117647058823529
"Bandicota indica","Rat minute virus 2a","2022-Spring","ZJ","Positive",5,14,0.357142857142857
"Bandicota indica","Rat minute virus 2a","2022-Summer","ZJ","Positive",2,7,0.285714285714286
"Bandicota indica","Rat minute virus 2a","2022-Winter","AP","Positive",8,13,0.615384615384615
"Bandicota indica","Rat minute virus 2a","2022-Winter","SG","Positive",1,6,0.166666666666667
"Bandicota indica","Rat minute virus 2a","2022-Winter","YF","Positive",1,5,0.2
"Bandicota indica","Rat minute virus 2a","2022-Winter","ZJ","Positive",1,6,0.166666666666667
"Bandicota indica","Rat picobirnavirus","2022-Autumn","AP","Positive",1,15,0.0666666666666667
"Bandicota indica","Rat picobirnavirus","2022-Winter","SZ","Positive",1,2,0.5
"Bandicota indica","Rodent astrovirus 1","2021-Winter","DB","Positive",9,20,0.45
"Bandicota indica","Rodent astrovirus 1","2022-Autumn","AP","Positive",1,15,0.0666666666666667
"Bandicota indica","Rodent astrovirus 1","2022-Spring","AP","Positive",1,17,0.0588235294117647
"Bandicota indica","Rodent astrovirus 3","2021-Winter","AP","Positive",1,14,0.0714285714285714
"Bandicota indica","Rodent astrovirus 3","2021-Winter","DB","Positive",8,20,0.4
"Bandicota indica","Rodent astrovirus 3","2022-Summer","AP","Positive",1,15,0.0666666666666667
"Bandicota indica","Rodent astrovirus 3","2022-Winter","AP","Positive",2,13,0.153846153846154
"Bandicota indica","Rodent astrovirus 3","2022-Winter","SS","Positive",1,4,0.25
"Bandicota indica","Rodent astrovirus 3","2022-Winter","ZJ","Positive",1,6,0.166666666666667
"Bandicota indica","Rodent coronavirus","2021-Winter","DB","Positive",1,20,0.05
"Bandicota indica","Spironucleus sp","2021-Winter","DB","Positive",4,20,0.2
"Bandicota indica","Spironucleus sp4","2021-Winter","DB","Positive",1,20,0.05
"Bandicota indica","Spironucleus sp5","2022-Spring","AP","Positive",1,17,0.0588235294117647
"Bandicota indica","Strongyloides ratti","2021-Winter","DB","Positive",2,20,0.1
"Bandicota indica","Strongyloides ratti","2022-Summer","AP","Positive",1,15,0.0666666666666667
"Bandicota indica","Tritrichomonas sp","2021-Winter","AP","Positive",2,14,0.142857142857143
"Bandicota indica","Tritrichomonas sp","2021-Winter","DB","Positive",2,20,0.1
"Bandicota indica","Tritrichomonas sp","2021-Winter","ZJ","Positive",1,15,0.0666666666666667
"Bandicota indica","Tritrichomonas sp","2022-Autumn","AP","Positive",1,15,0.0666666666666667
"Bandicota indica","Tritrichomonas sp","2022-Spring","AP","Positive",1,17,0.0588235294117647
"Bandicota indica","Tritrichomonas sp","2022-Summer","AP","Positive",1,15,0.0666666666666667
"Bandicota indica","Wnezhou virus","2021-Winter","AP","Positive",2,14,0.142857142857143
"Bandicota indica","Wnezhou virus","2021-Winter","DB","Positive",4,20,0.2
"Bandicota indica","Wnezhou virus","2021-Winter","ZJ","Positive",2,15,0.133333333333333
"Bandicota indica","Wnezhou virus","2022-Autumn","AP","Positive",3,15,0.2
"Bandicota indica","Wnezhou virus","2022-Autumn","ZJ","Positive",2,15,0.133333333333333
"Bandicota indica","Wnezhou virus","2022-Spring","AP","Positive",2,17,0.117647058823529
"Bandicota indica","Wnezhou virus","2022-Summer","AP","Positive",2,15,0.133333333333333
"Bandicota indica","Wnezhou virus","2022-Summer","ZJ","Positive",1,7,0.142857142857143
"Bandicota indica","Wnezhou virus","2022-Winter","AP","Positive",4,13,0.307692307692308
"Bandicota indica","Wnezhou virus","2022-Winter","ZJ","Positive",1,6,0.166666666666667
"Berylmys sp.","Pneumocystis wakefieldiae","2021-Winter","AP","Positive",1,1,1
"Berylmys sp.","Pneumocystis wakefieldiae","2022-Spring","ZJ","Positive",1,1,1
"Berylmys sp.","Porcine bocavirus","2021-Winter","AP","Positive",1,1,1
"Berylmys sp.","Rat hepatitis E virus","2022-Spring","ZJ","Positive",1,1,1
"Berylmys sp.","Rat minute virus 2a","2021-Winter","AP","Positive",1,1,1
"Berylmys sp.","Tritrichomonas sp","2022-Spring","ZJ","Positive",1,1,1
"Mus caroli","Betacoronavirus 1","2021-Winter","AP","Positive",1,7,0.142857142857143
"Mus caroli","Circovirus canine","2022-Autumn","HY","Positive",1,1,1
"Mus caroli","Guangdong rodent torque teno virus 1","2022-Winter","SZ","Positive",1,1,1
"Mus caroli","Guangdong tombus-like virus 5","2021-Winter","AP","Positive",2,7,0.285714285714286
"Mus caroli","Guangdong tombus-like virus 6","2021-Winter","AP","Positive",1,7,0.142857142857143
"Mus caroli","Guangdong tombus-like virus 7","2021-Winter","AP","Positive",3,7,0.428571428571429
"Mus caroli","Marmot picobirnavirus","2021-Winter","AP","Positive",1,7,0.142857142857143
"Mus caroli","Rat minute virus 2a","2021-Winter","AP","Positive",6,7,0.857142857142857
"Mus caroli","Rat minute virus 2a","2022-Winter","SZ","Positive",1,1,1
"Niviventer lotipes","Babesia microti","2022-Winter","YF","Positive",1,1,1
"Rattus andamanensis","Bartonella kosoyi","2021-Winter","ZJ","Positive",1,3,0.333333333333333
"Rattus andamanensis","Bartonella kosoyi","2022-Winter","YF","Positive",1,10,0.1
"Rattus andamanensis","Betacoronavirus 1","2022-Winter","SZ","Positive",1,4,0.25
"Rattus andamanensis","Chilomastix sp","2021-Winter","ZJ","Positive",1,3,0.333333333333333
"Rattus andamanensis","Circovirus canine","2022-Autumn","HY","Positive",1,1,1
"Rattus andamanensis","Cryptosporidium ubiquitum","2022-Winter","YF","Positive",1,10,0.1
"Rattus andamanensis","Desulfovibrio piger","2022-Winter","SS","Positive",1,2,0.5
"Rattus andamanensis","Giardia sp1","2021-Winter","ZJ","Positive",1,3,0.333333333333333
"Rattus andamanensis","Giardia sp1","2022-Winter","SZ","Positive",1,4,0.25
"Rattus andamanensis","Guangdong narna-like virus 4","2022-Winter","YF","Positive",1,10,0.1
"Rattus andamanensis","Guangdong narna-like virus 5","2022-Spring","ZJ","Positive",1,1,1
"Rattus andamanensis","Guangdong rodent aleptorquevirus","2022-Autumn","HY","Positive",1,1,1
"Rattus andamanensis","Guangdong rodent aleptorquevirus","2022-Spring","ZJ","Positive",1,1,1
"Rattus andamanensis","Guangdong rodent aleptorquevirus","2022-Summer","ZJ","Positive",1,1,1
"Rattus andamanensis","Guangdong rodent aleptorquevirus","2022-Winter","YF","Positive",4,10,0.4
"Rattus andamanensis","Guangdong rodent anellovirus 3","2021-Winter","ZJ","Positive",2,3,0.666666666666667
"Rattus andamanensis","Guangdong rodent anellovirus 3","2022-Spring","ZJ","Positive",1,1,1
"Rattus andamanensis","Guangdong rodent anellovirus 3","2022-Summer","ZJ","Positive",1,1,1
"Rattus andamanensis","Guangdong rodent anellovirus 3","2022-Winter","SG","Positive",1,1,1
"Rattus andamanensis","Guangdong rodent anellovirus 3","2022-Winter","SZ","Positive",2,4,0.5
"Rattus andamanensis","Guangdong rodent anellovirus 3","2022-Winter","YF","Positive",1,10,0.1
"Rattus andamanensis","Guangdong rodent orthopicobirnavirus 19","2021-Winter","ZJ","Positive",1,3,0.333333333333333
"Rattus andamanensis","Guangdong rodent orthopicobirnavirus 28","2021-Winter","ZJ","Positive",1,3,0.333333333333333
"Rattus andamanensis","Guangdong rodent orthopicobirnavirus 40","2022-Winter","SS","Positive",1,2,0.5
"Rattus andamanensis","Guangdong rodent orthopicobirnavirus 5","2021-Winter","ZJ","Positive",1,3,0.333333333333333
"Rattus andamanensis","Guangdong tombus-like virus 18","2021-Winter","ZJ","Positive",1,3,0.333333333333333
"Rattus andamanensis","Guangdong toti-like virus 2","2022-Spring","ZJ","Positive",1,1,1
"Rattus andamanensis","Hepatozoon sp","2022-Spring","ZJ","Positive",1,1,1
"Rattus andamanensis","Hepatozoon sp","2022-Winter","YF","Positive",1,10,0.1
"Rattus andamanensis","Hunnivirus A","2022-Winter","YF","Positive",1,10,0.1
"Rattus andamanensis","Nippostrongylus brasiliensis","2022-Winter","SZ","Positive",1,4,0.25
"Rattus andamanensis","Porcine bocavirus","2022-Winter","YF","Positive",1,10,0.1
"Rattus andamanensis","Rat minute virus 2a","2022-Spring","ZJ","Positive",1,1,1
"Rattus andamanensis","Rat minute virus 2a","2022-Winter","SS","Positive",1,2,0.5
"Rattus andamanensis","Rat minute virus 2a","2022-Winter","SZ","Positive",1,4,0.25
"Rattus andamanensis","Rat minute virus 2a","2022-Winter","YF","Positive",8,10,0.8
"Rattus andamanensis","Rat picobirnavirus","2022-Winter","SS","Positive",1,2,0.5
"Rattus andamanensis","Rodent astrovirus 1","2022-Winter","SZ","Positive",1,4,0.25
"Rattus andamanensis","Rodent astrovirus 3","2021-Winter","ZJ","Positive",1,3,0.333333333333333
"Rattus andamanensis","Spironucleus sp5","2021-Winter","ZJ","Positive",1,3,0.333333333333333
"Rattus andamanensis","Strongyloides ratti","2022-Spring","ZJ","Positive",1,1,1
"Rattus andamanensis","Strongyloides ratti","2022-Winter","SZ","Positive",1,4,0.25
"Rattus andamanensis","Strongyloides ratti","2022-Winter","YF","Positive",1,10,0.1
"Rattus andamanensis","Strongyloides venezuelensis","2022-Winter","YF","Positive",1,10,0.1
"Rattus andamanensis","Tritrichomonas sp","2021-Winter","ZJ","Positive",1,3,0.333333333333333
"Rattus andamanensis","Tritrichomonas sp","2022-Winter","SZ","Positive",1,4,0.25
"Rattus andamanensis","Trypanosoma lewis","2022-Winter","YF","Positive",1,10,0.1
"Rattus losea","Angiostrongylus cantonensis","2021-Winter","DB","Positive",1,1,1
"Rattus losea","Angiostrongylus cantonensis","2022-Autumn","HY","Positive",1,4,0.25
"Rattus losea","Bartonella kosoyi","2021-Winter","ZJ","Positive",1,12,0.0833333333333333
"Rattus losea","Bartonella kosoyi","2022-Spring","ZJ","Positive",1,11,0.0909090909090909
"Rattus losea","Bastrovirus Rat","2022-Winter","SG","Positive",1,1,1
"Rattus losea","Calfel virus","2022-Spring","ZJ","Positive",1,11,0.0909090909090909
"Rattus losea","Calfel virus","2022-Summer","ZJ","Positive",1,8,0.125
"Rattus losea","Calfel virus","2022-Winter","ZJ","Positive",1,10,0.1
"Rattus losea","Chlamydia muridarum","2022-Autumn","HY","Positive",1,4,0.25
"Rattus losea","Chlamydia muridarum","2022-Winter","SZ","Positive",1,9,0.111111111111111
"Rattus losea","Cryptosporidium ubiquitum","2022-Winter","ZJ","Positive",2,10,0.2
"Rattus losea","Desulfovibrio piger","2022-Winter","SG","Positive",1,1,1
"Rattus losea","Desulfovibrio piger","2022-Winter","SS","Positive",1,1,1
"Rattus losea","Giardia sp1","2022-Autumn","HY","Positive",1,4,0.25
"Rattus losea","Giardia sp1","2022-Winter","SG","Positive",1,1,1
"Rattus losea","Guangdong bunya-like virus 1","2022-Autumn","HY","Positive",1,4,0.25
"Rattus losea","Guangdong bunya-like virus 2","2022-Winter","SZ","Positive",2,9,0.222222222222222
"Rattus losea","Guangdong bunya-like virus 3","2022-Winter","SG","Positive",1,1,1
"Rattus losea","Guangdong bunya-like virus 4","2022-Winter","SG","Positive",1,1,1
"Rattus losea","Guangdong levi-like virus 1","2022-Winter","SG","Positive",1,1,1
"Rattus losea","Guangdong levi-like virus 12","2022-Autumn","HY","Positive",1,4,0.25
"Rattus losea","Guangdong mito-like virus 1","2022-Autumn","HY","Positive",1,4,0.25
"Rattus losea","Guangdong partiti-like virus 14","2021-Winter","DB","Positive",1,1,1
"Rattus losea","Guangdong partiti-like virus 14","2022-Autumn","HY","Positive",1,4,0.25
"Rattus losea","Guangdong picorna-like virus 8","2022-Autumn","HY","Positive",1,4,0.25
"Rattus losea","Guangdong rodent aleptorquevirus","2021-Winter","DB","Positive",1,1,1
"Rattus losea","Guangdong rodent aleptorquevirus","2021-Winter","ZJ","Positive",2,12,0.166666666666667
"Rattus losea","Guangdong rodent aleptorquevirus","2022-Autumn","ZJ","Positive",1,14,0.0714285714285714
"Rattus losea","Guangdong rodent aleptorquevirus","2022-Spring","AP","Positive",1,5,0.2
"Rattus losea","Guangdong rodent anellovirus 3","2021-Winter","DB","Positive",1,1,1
"Rattus losea","Guangdong rodent anellovirus 3","2021-Winter","ZJ","Positive",5,12,0.416666666666667
"Rattus losea","Guangdong rodent anellovirus 3","2022-Autumn","HY","Positive",2,4,0.5
"Rattus losea","Guangdong rodent anellovirus 3","2022-Autumn","ZJ","Positive",1,14,0.0714285714285714
"Rattus losea","Guangdong rodent anellovirus 3","2022-Spring","AP","Positive",3,5,0.6
"Rattus losea","Guangdong rodent anellovirus 3","2022-Spring","ZJ","Positive",2,11,0.181818181818182
"Rattus losea","Guangdong rodent anellovirus 3","2022-Summer","ZJ","Positive",1,8,0.125
"Rattus losea","Guangdong rodent dependoparvovirus 1","2022-Spring","ZJ","Positive",1,11,0.0909090909090909
"Rattus losea","Guangdong rodent orthopicobirnavirus 1","2022-Autumn","HY","Positive",1,4,0.25
"Rattus losea","Guangdong rodent orthopicobirnavirus 15","2022-Winter","SG","Positive",1,1,1
"Rattus losea","Guangdong rodent orthopicobirnavirus 19","2022-Autumn","HY","Positive",1,4,0.25
"Rattus losea","Guangdong rodent orthopicobirnavirus 22","2022-Autumn","HY","Positive",1,4,0.25
"Rattus losea","Guangdong rodent orthopicobirnavirus 33","2022-Autumn","HY","Positive",1,4,0.25
"Rattus losea","Guangdong rodent orthopicobirnavirus 37","2022-Autumn","HY","Positive",1,4,0.25
"Rattus losea","Guangdong rodent orthopicobirnavirus 4","2022-Autumn","HY","Positive",1,4,0.25
"Rattus losea","Guangdong rodent orthopicobirnavirus 41","2022-Autumn","HY","Positive",1,4,0.25
"Rattus losea","Guangdong rodent parvo-like virus","2022-Autumn","HY","Positive",1,4,0.25
"Rattus losea","Guangdong rodent picornabirus 12","2022-Autumn","HY","Positive",1,4,0.25
"Rattus losea","Guangdong rodent picornabirus 12","2022-Winter","SS","Positive",1,1,1
"Rattus losea","Guangdong rodent picornabirus 2","2022-Winter","SS","Positive",1,1,1
"Rattus losea","Guangdong rodent picornabirus 6","2022-Winter","SG","Positive",1,1,1
"Rattus losea","Guangdong rodent picornabirus 9","2022-Winter","SG","Positive",1,1,1
"Rattus losea","Guangdong rodent torque teno virus 3","2022-Spring","AP","Positive",1,5,0.2
"Rattus losea","Guangdong tombus-like virus 1","2022-Winter","SG","Positive",1,1,1
"Rattus losea","Guangdong tombus-like virus 11","2022-Winter","SZ","Positive",1,9,0.111111111111111
"Rattus losea","Guangdong tombus-like virus 7","2022-Winter","SG","Positive",1,1,1
"Rattus losea","Hypotrichomonas","2022-Winter","SG","Positive",1,1,1
"Rattus losea","Marmot picobirnavirus","2022-Autumn","HY","Positive",1,4,0.25
"Rattus losea","Murine kobuvirus","2022-Autumn","HY","Positive",1,4,0.25
"Rattus losea","Nippostrongylus brasiliensis","2021-Winter","DB","Positive",1,1,1
"Rattus losea","Nippostrongylus brasiliensis","2022-Spring","AP","Positive",1,5,0.2
"Rattus losea","Nippostrongylus brasiliensis","2022-Summer","ZJ","Positive",1,8,0.125
"Rattus losea","Nippostrongylus brasiliensis","2022-Winter","SS","Positive",1,1,1
"Rattus losea","Norwalk virus","2022-Winter","SS","Positive",1,1,1
"Rattus losea","Oxyurida sp","2022-Spring","ZJ","Positive",1,11,0.0909090909090909
"Rattus losea","Oxyurida sp","2022-Summer","ZJ","Positive",1,8,0.125
"Rattus losea","Oxyurida sp","2022-Winter","SZ","Positive",2,9,0.222222222222222
"Rattus losea","Pneumocystis wakefieldiae","2022-Autumn","ZJ","Positive",1,14,0.0714285714285714
"Rattus losea","Porcine bocavirus","2022-Spring","AP","Positive",3,5,0.6
"Rattus losea","Porcine bocavirus","2022-Spring","ZJ","Positive",3,11,0.272727272727273
"Rattus losea","Rabovirus A","2022-Winter","SG","Positive",1,1,1
"Rattus losea","Rat hepatitis E virus","2021-Winter","ZJ","Positive",1,12,0.0833333333333333
"Rattus losea","Rat hepatitis E virus","2022-Autumn","HY","Positive",1,4,0.25
"Rattus losea","Rat hepatitis E virus","2022-Spring","ZJ","Positive",1,11,0.0909090909090909
"Rattus losea","Rat minute virus 2a","2021-Winter","ZJ","Positive",3,12,0.25
"Rattus losea","Rat minute virus 2a","2022-Spring","AP","Positive",1,5,0.2
"Rattus losea","Rat minute virus 2a","2022-Spring","ZJ","Positive",5,11,0.454545454545455
"Rattus losea","Rat minute virus 2a","2022-Summer","ZJ","Positive",2,8,0.25
"Rattus losea","Rat minute virus 2a","2022-Winter","YF","Positive",1,1,1
"Rattus losea","Rat parvovirus 1","2022-Winter","SZ","Positive",1,9,0.111111111111111
"Rattus losea","Rat picobirnavirus","2022-Autumn","HY","Positive",1,4,0.25
"Rattus losea","Rat picobirnavirus","2022-Winter","SS","Positive",1,1,1
"Rattus losea","Rodent astrovirus 1","2022-Winter","SG","Positive",1,1,1
"Rattus losea","Rodent astrovirus 1","2022-Winter","SZ","Positive",1,9,0.111111111111111
"Rattus losea","Rodent astrovirus 3","2021-Winter","ZJ","Positive",1,12,0.0833333333333333
"Rattus losea","Rodent astrovirus 3","2022-Spring","AP","Positive",1,5,0.2
"Rattus losea","Rodent astrovirus 3","2022-Spring","ZJ","Positive",1,11,0.0909090909090909
"Rattus losea","Rodent astrovirus 3","2022-Winter","SG","Positive",1,1,1
"Rattus losea","Rodent astrovirus 3","2022-Winter","SZ","Positive",1,9,0.111111111111111
"Rattus losea","Strongyloides ratti","2022-Spring","ZJ","Positive",2,11,0.181818181818182
"Rattus losea","Strongyloides ratti","2022-Winter","SG","Positive",1,1,1
"Rattus losea","Strongyloides ratti","2022-Winter","SZ","Positive",3,9,0.333333333333333
"Rattus losea","Strongyloides ratti","2022-Winter","ZJ","Positive",1,10,0.1
"Rattus losea","Strongyloides venezuelensis","2022-Autumn","HY","Positive",1,4,0.25
"Rattus losea","Tritrichomonas sp","2021-Winter","ZJ","Positive",3,12,0.25
"Rattus losea","Tritrichomonas sp","2022-Autumn","HY","Positive",1,4,0.25
"Rattus losea","Tritrichomonas sp","2022-Winter","SS","Positive",1,1,1
"Rattus losea","Tritrichomonas sp","2022-Winter","SZ","Positive",1,9,0.111111111111111
"Rattus losea","Tritrichomonas sp","2022-Winter","ZJ","Positive",1,10,0.1
"Rattus losea","Trypanosoma lewis","2021-Winter","ZJ","Positive",1,12,0.0833333333333333
"Rattus losea","Trypanosoma lewis","2022-Spring","AP","Positive",1,5,0.2
"Rattus losea","Trypanosoma lewis","2022-Spring","ZJ","Positive",1,11,0.0909090909090909
"Rattus losea","Trypanosoma lewis","2022-Summer","AP","Positive",1,1,1
"Rattus losea","Wnezhou virus","2021-Winter","ZJ","Positive",1,12,0.0833333333333333
"Rattus losea","Wnezhou virus","2022-Autumn","ZJ","Positive",1,14,0.0714285714285714
"Rattus norvegicus","Angiostrongylus cantonensis","2021-Winter","DB","Positive",3,23,0.130434782608696
"Rattus norvegicus","Angiostrongylus cantonensis","2021-Winter","ZJ","Positive",1,10,0.1
"Rattus norvegicus","Angiostrongylus cantonensis","2022-Autumn","AP","Positive",1,12,0.0833333333333333
"Rattus norvegicus","Angiostrongylus cantonensis","2022-Autumn","HY","Positive",2,7,0.285714285714286
"Rattus norvegicus","Angiostrongylus cantonensis","2022-Autumn","JY","Positive",5,14,0.357142857142857
"Rattus norvegicus","Angiostrongylus cantonensis","2022-Spring","AP","Positive",3,14,0.214285714285714
"Rattus norvegicus","Angiostrongylus cantonensis","2022-Summer","AP","Positive",1,12,0.0833333333333333
"Rattus norvegicus","Bartonella kosoyi","2021-Winter","ZJ","Positive",1,10,0.1
"Rattus norvegicus","Bartonella kosoyi","2022-Autumn","HY","Positive",1,7,0.142857142857143
"Rattus norvegicus","Bartonella kosoyi","2022-Spring","ZJ","Positive",1,5,0.2
"Rattus norvegicus","Bartonella kosoyi","2022-Summer","AP","Positive",1,12,0.0833333333333333
"Rattus norvegicus","Bartonella kosoyi","2022-Winter","AP","Positive",1,15,0.0666666666666667
"Rattus norvegicus","Bartonella kosoyi","2022-Winter","SG","Positive",5,34,0.147058823529412
"Rattus norvegicus","Bartonella kosoyi","2022-Winter","SS","Positive",1,10,0.1
"Rattus norvegicus","Bartonella sp","2022-Spring","AP","Positive",2,14,0.142857142857143
"Rattus norvegicus","Bartonella sp","2022-Summer","ZJ","Positive",1,13,0.0769230769230769
"Rattus norvegicus","Bartonella sp","2022-Winter","SG","Positive",1,34,0.0294117647058824
"Rattus norvegicus","Bartonella sp","2022-Winter","SZ","Positive",3,17,0.176470588235294
"Rattus norvegicus","Bastrovirus Rat","2021-Winter","DB","Positive",1,23,0.0434782608695652
"Rattus norvegicus","Bastrovirus Rat","2022-Autumn","JY","Positive",1,14,0.0714285714285714
"Rattus norvegicus","Bastrovirus Rat","2022-Winter","AP","Positive",2,15,0.133333333333333
"Rattus norvegicus","Bastrovirus Rat","2022-Winter","SS","Positive",2,10,0.2
"Rattus norvegicus","Beilong virus","2021-Winter","DB","Positive",1,23,0.0434782608695652
"Rattus norvegicus","Beilong virus","2021-Winter","ZJ","Positive",2,10,0.2
"Rattus norvegicus","Beilong virus","2022-Spring","AP","Positive",1,14,0.0714285714285714
"Rattus norvegicus","Beilong virus","2022-Spring","ZJ","Positive",1,5,0.2
"Rattus norvegicus","Beilong virus","2022-Winter","SG","Positive",2,34,0.0588235294117647
"Rattus norvegicus","Beilong virus","2022-Winter","SS","Positive",1,10,0.1
"Rattus norvegicus","Betacoronavirus 1","2022-Winter","SG","Positive",5,34,0.147058823529412
"Rattus norvegicus","Brevihamaparvovirus dipteran 1","2022-Winter","SZ","Positive",3,17,0.176470588235294
"Rattus norvegicus","Calfel virus","2022-Autumn","JY","Positive",2,14,0.142857142857143
"Rattus norvegicus","Calfel virus","2022-Summer","ZJ","Positive",1,13,0.0769230769230769
"Rattus norvegicus","Chlamydia muridarum","2021-Winter","DB","Positive",3,23,0.130434782608696
"Rattus norvegicus","Collinsella aerofaciens","2021-Winter","DB","Positive",1,23,0.0434782608695652
"Rattus norvegicus","Collinsella aerofaciens","2022-Autumn","JY","Positive",1,14,0.0714285714285714
"Rattus norvegicus","Collinsella aerofaciens","2022-Winter","AP","Positive",1,15,0.0666666666666667
"Rattus norvegicus","Collinsella aerofaciens","2022-Winter","SZ","Positive",2,17,0.117647058823529
"Rattus norvegicus","Cryptosporidium ubiquitum","2022-Autumn","AP","Positive",1,12,0.0833333333333333
"Rattus norvegicus","Cryptosporidium ubiquitum","2022-Autumn","ZJ","Positive",1,10,0.1
"Rattus norvegicus","Cryptosporidium ubiquitum","2022-Winter","SG","Positive",1,34,0.0294117647058824
"Rattus norvegicus","Desulfovibrio piger","2021-Winter","DB","Positive",1,23,0.0434782608695652
"Rattus norvegicus","Desulfovibrio piger","2022-Autumn","JY","Positive",1,14,0.0714285714285714
"Rattus norvegicus","Desulfovibrio piger","2022-Winter","SS","Positive",1,10,0.1
"Rattus norvegicus","Desulfovibrio piger","2022-Winter","SZ","Positive",1,17,0.0588235294117647
"Rattus norvegicus","Eimeria falciformis","2021-Winter","DB","Positive",2,23,0.0869565217391304
"Rattus norvegicus","Eimeria falciformis","2022-Autumn","HY","Positive",1,7,0.142857142857143
"Rattus norvegicus","Giardia sp1","2021-Winter","DB","Positive",1,23,0.0434782608695652
"Rattus norvegicus","Guangdong mito-like virus 7","2021-Winter","DB","Positive",1,23,0.0434782608695652
"Rattus norvegicus","Guangdong mito-like virus 7","2022-Autumn","JY","Positive",1,14,0.0714285714285714
"Rattus norvegicus","Guangdong murine mastadenovirus 2","2022-Winter","SZ","Positive",1,17,0.0588235294117647
"Rattus norvegicus","Guangdong murine mastadenovirus 2","2022-Winter","ZJ","Positive",1,7,0.142857142857143
"Rattus norvegicus","Guangdong narna-like virus 3","2021-Winter","DB","Positive",1,23,0.0434782608695652
"Rattus norvegicus","Guangdong narna-like virus 6","2021-Winter","DB","Positive",1,23,0.0434782608695652
"Rattus norvegicus","Guangdong noda-like virus 4","2021-Winter","DB","Positive",1,23,0.0434782608695652
"Rattus norvegicus","Guangdong noda-like virus 8","2021-Winter","DB","Positive",1,23,0.0434782608695652
"Rattus norvegicus","Guangdong partiti-like virus 12","2022-Winter","AP","Positive",1,15,0.0666666666666667
"Rattus norvegicus","Guangdong partiti-like virus 14","2021-Winter","DB","Positive",1,23,0.0434782608695652
"Rattus norvegicus","Guangdong partiti-like virus 15","2022-Autumn","AP","Positive",1,12,0.0833333333333333
"Rattus norvegicus","Guangdong phenuiviridae-like virus","2021-Winter","ZJ","Positive",1,10,0.1
"Rattus norvegicus","Guangdong phenuiviridae-like virus","2022-Spring","AP","Positive",1,14,0.0714285714285714
"Rattus norvegicus","Guangdong phenuiviridae-like virus","2022-Summer","AP","Positive",1,12,0.0833333333333333
"Rattus norvegicus","Guangdong picorna-like virus 17","2021-Winter","DB","Positive",2,23,0.0869565217391304
"Rattus norvegicus","Guangdong picorna-like virus 5","2022-Winter","SG","Positive",1,34,0.0294117647058824
"Rattus norvegicus","Guangdong picorna-like virus 6","2022-Winter","AP","Positive",1,15,0.0666666666666667
"Rattus norvegicus","Guangdong picorna-like virus 8","2021-Winter","DB","Positive",2,23,0.0869565217391304
"Rattus norvegicus","Guangdong Rattus norvegicus arterivirus virus 2","2022-Winter","SZ","Positive",8,17,0.470588235294118
"Rattus norvegicus","Guangdong Rattus norvegicus arterivirus virus","2021-Winter","ZJ","Positive",1,10,0.1
"Rattus norvegicus","Guangdong Rattus norvegicus arterivirus virus","2022-Autumn","JY","Positive",1,14,0.0714285714285714
"Rattus norvegicus","Guangdong Rattus norvegicus arterivirus virus","2022-Winter","SS","Positive",1,10,0.1
"Rattus norvegicus","Guangdong Rattus norvegicus arterivirus virus","2022-Winter","SZ","Positive",1,17,0.0588235294117647
"Rattus norvegicus","Guangdong rodent aleptorquevirus","2022-Spring","AP","Positive",1,14,0.0714285714285714
"Rattus norvegicus","Guangdong rodent aleptorquevirus","2022-Winter","AP","Positive",2,15,0.133333333333333
"Rattus norvegicus","Guangdong rodent aleptorquevirus","2022-Winter","SZ","Positive",3,17,0.176470588235294
"Rattus norvegicus","Guangdong rodent anellovirus 1","2022-Winter","SG","Positive",1,34,0.0294117647058824
"Rattus norvegicus","Guangdong rodent anellovirus 1","2022-Winter","SZ","Positive",1,17,0.0588235294117647
"Rattus norvegicus","Guangdong rodent anellovirus 2","2021-Winter","DB","Positive",1,23,0.0434782608695652
"Rattus norvegicus","Guangdong rodent anellovirus 3","2021-Winter","DB","Positive",13,23,0.565217391304348
"Rattus norvegicus","Guangdong rodent anellovirus 3","2021-Winter","ZJ","Positive",3,10,0.3
"Rattus norvegicus","Guangdong rodent anellovirus 3","2022-Autumn","AP","Positive",1,12,0.0833333333333333
"Rattus norvegicus","Guangdong rodent anellovirus 3","2022-Autumn","HY","Positive",5,7,0.714285714285714
"Rattus norvegicus","Guangdong rodent anellovirus 3","2022-Autumn","JY","Positive",6,14,0.428571428571429
"Rattus norvegicus","Guangdong rodent anellovirus 3","2022-Autumn","ZJ","Positive",2,10,0.2
"Rattus norvegicus","Guangdong rodent anellovirus 3","2022-Spring","AP","Positive",6,14,0.428571428571429
"Rattus norvegicus","Guangdong rodent anellovirus 3","2022-Spring","ZJ","Positive",2,5,0.4
"Rattus norvegicus","Guangdong rodent anellovirus 3","2022-Summer","ZJ","Positive",6,13,0.461538461538462
"Rattus norvegicus","Guangdong rodent anellovirus 3","2022-Winter","AP","Positive",2,15,0.133333333333333
"Rattus norvegicus","Guangdong rodent anellovirus 3","2022-Winter","SG","Positive",9,34,0.264705882352941
"Rattus norvegicus","Guangdong rodent anellovirus 3","2022-Winter","SS","Positive",3,10,0.3
"Rattus norvegicus","Guangdong rodent anellovirus 3","2022-Winter","SZ","Positive",10,17,0.588235294117647
"Rattus norvegicus","Guangdong rodent anellovirus 3","2022-Winter","ZJ","Positive",2,7,0.285714285714286
"Rattus norvegicus","Guangdong rodent arterivirus 2","2022-Autumn","AP","Positive",2,12,0.166666666666667
"Rattus norvegicus","Guangdong rodent arterivirus 2","2022-Spring","AP","Positive",1,14,0.0714285714285714
"Rattus norvegicus","Guangdong rodent arterivirus 2","2022-Winter","AP","Positive",1,15,0.0666666666666667
"Rattus norvegicus","Guangdong rodent dependoparvovirus 1","2022-Spring","AP","Positive",2,14,0.142857142857143
"Rattus norvegicus","Guangdong rodent dependoparvovirus 1","2022-Winter","AP","Positive",1,15,0.0666666666666667
"Rattus norvegicus","Guangdong rodent mastadenovirus 1","2022-Spring","AP","Positive",1,14,0.0714285714285714
"Rattus norvegicus","Guangdong rodent mastadenovirus 1","2022-Winter","AP","Positive",1,15,0.0666666666666667
"Rattus norvegicus","Guangdong rodent orbivirus","2022-Winter","SG","Positive",2,34,0.0588235294117647
"Rattus norvegicus","Guangdong rodent orbivirus","2022-Winter","SS","Positive",1,10,0.1
"Rattus norvegicus","Guangdong rodent torque teno virus 1","2022-Autumn","JY","Positive",3,14,0.214285714285714
"Rattus norvegicus","Guangdong rodent torque teno virus 1","2022-Winter","SG","Positive",2,34,0.0588235294117647
"Rattus norvegicus","Guangdong rosa-like virus","2021-Winter","DB","Positive",1,23,0.0434782608695652
"Rattus norvegicus","Guangdong rosa-like virus","2022-Winter","SZ","Positive",1,17,0.0588235294117647
"Rattus norvegicus","Guangdong tombus-like virus 10","2021-Winter","DB","Positive",2,23,0.0869565217391304
"Rattus norvegicus","Guangdong tombus-like virus 10","2022-Winter","AP","Positive",1,15,0.0666666666666667
"Rattus norvegicus","Guangdong tombus-like virus 12","2021-Winter","DB","Positive",1,23,0.0434782608695652
"Rattus norvegicus","Hunnivirus A","2021-Winter","DB","Positive",2,23,0.0869565217391304
"Rattus norvegicus","Hunnivirus A","2022-Autumn","HY","Positive",1,7,0.142857142857143
"Rattus norvegicus","Hunnivirus A","2022-Autumn","JY","Positive",2,14,0.142857142857143
"Rattus norvegicus","Klebsiella variicola","2022-Winter","SZ","Positive",1,17,0.0588235294117647
"Rattus norvegicus","Mischivirus E","2022-Summer","AP","Positive",1,12,0.0833333333333333
"Rattus norvegicus","Mischivirus E","2022-Winter","SS","Positive",1,10,0.1
"Rattus norvegicus","Murine kobuvirus","2021-Winter","DB","Positive",2,23,0.0869565217391304
"Rattus norvegicus","Murine kobuvirus","2022-Autumn","HY","Positive",1,7,0.142857142857143
"Rattus norvegicus","Murine kobuvirus","2022-Autumn","JY","Positive",1,14,0.0714285714285714
"Rattus norvegicus","Murine kobuvirus","2022-Winter","SS","Positive",1,10,0.1
"Rattus norvegicus","Murine kobuvirus","2022-Winter","SZ","Positive",4,17,0.235294117647059
"Rattus norvegicus","Nippostrongylus brasiliensis","2021-Winter","DB","Positive",4,23,0.173913043478261
"Rattus norvegicus","Nippostrongylus brasiliensis","2022-Spring","AP","Positive",1,14,0.0714285714285714
"Rattus norvegicus","Nippostrongylus brasiliensis","2022-Summer","AP","Positive",3,12,0.25
"Rattus norvegicus","Nippostrongylus brasiliensis","2022-Winter","AP","Positive",1,15,0.0666666666666667
"Rattus norvegicus","Nippostrongylus brasiliensis","2022-Winter","SG","Positive",2,34,0.0588235294117647
"Rattus norvegicus","Nippostrongylus brasiliensis","2022-Winter","SZ","Positive",2,17,0.117647058823529
"Rattus norvegicus","Norway rat pestivirus","2021-Winter","DB","Positive",3,23,0.130434782608696
"Rattus norvegicus","Norway rat pestivirus","2022-Summer","AP","Positive",2,12,0.166666666666667
"Rattus norvegicus","Norway rat pestivirus","2022-Summer","ZJ","Positive",1,13,0.0769230769230769
"Rattus norvegicus","Norway rat pestivirus","2022-Winter","AP","Positive",2,15,0.133333333333333
"Rattus norvegicus","Norway rat pestivirus","2022-Winter","SG","Positive",1,34,0.0294117647058824
"Rattus norvegicus","Norway rat pestivirus","2022-Winter","SZ","Positive",1,17,0.0588235294117647
"Rattus norvegicus","Orthohantavirus seoulense","2021-Winter","DB","Positive",1,23,0.0434782608695652
"Rattus norvegicus","Orthohantavirus seoulense","2021-Winter","ZJ","Positive",1,10,0.1
"Rattus norvegicus","Orthohantavirus seoulense","2022-Autumn","AP","Positive",1,12,0.0833333333333333
"Rattus norvegicus","Orthohantavirus seoulense","2022-Autumn","JY","Positive",1,14,0.0714285714285714
"Rattus norvegicus","Orthohantavirus seoulense","2022-Autumn","ZJ","Positive",1,10,0.1
"Rattus norvegicus","Orthohantavirus seoulense","2022-Spring","AP","Positive",2,14,0.142857142857143
"Rattus norvegicus","Orthohantavirus seoulense","2022-Spring","ZJ","Positive",1,5,0.2
"Rattus norvegicus","Orthohantavirus seoulense","2022-Summer","AP","Positive",3,12,0.25
"Rattus norvegicus","Orthohantavirus seoulense","2022-Summer","ZJ","Positive",1,13,0.0769230769230769
"Rattus norvegicus","Orthohantavirus seoulense","2022-Winter","AP","Positive",1,15,0.0666666666666667
"Rattus norvegicus","Orthohantavirus seoulense","2022-Winter","SG","Positive",3,34,0.0882352941176471
"Rattus norvegicus","Orthohantavirus seoulense","2022-Winter","SS","Positive",1,10,0.1
"Rattus norvegicus","Orthohantavirus seoulense","2022-Winter","SZ","Positive",1,17,0.0588235294117647
"Rattus norvegicus","Pneumocystis carinii","2021-Winter","DB","Positive",7,23,0.304347826086957
"Rattus norvegicus","Pneumocystis carinii","2022-Autumn","AP","Positive",1,12,0.0833333333333333
"Rattus norvegicus","Pneumocystis carinii","2022-Summer","AP","Positive",1,12,0.0833333333333333
"Rattus norvegicus","Pneumocystis carinii","2022-Summer","ZJ","Positive",1,13,0.0769230769230769
"Rattus norvegicus","Pneumocystis carinii","2022-Winter","AP","Positive",2,15,0.133333333333333
"Rattus norvegicus","Pneumocystis carinii","2022-Winter","SG","Positive",4,34,0.117647058823529
"Rattus norvegicus","Pneumocystis carinii","2022-Winter","SS","Positive",1,10,0.1
"Rattus norvegicus","Pneumocystis carinii","2022-Winter","ZJ","Positive",1,7,0.142857142857143
"Rattus norvegicus","Pneumocystis murina","2022-Summer","AP","Positive",1,12,0.0833333333333333
"Rattus norvegicus","Pneumocystis wakefieldiae","2021-Winter","DB","Positive",6,23,0.260869565217391
"Rattus norvegicus","Pneumocystis wakefieldiae","2022-Autumn","JY","Positive",1,14,0.0714285714285714
"Rattus norvegicus","Pneumocystis wakefieldiae","2022-Spring","AP","Positive",1,14,0.0714285714285714
"Rattus norvegicus","Pneumocystis wakefieldiae","2022-Summer","ZJ","Positive",3,13,0.230769230769231
"Rattus norvegicus","Pneumocystis wakefieldiae","2022-Winter","AP","Positive",2,15,0.133333333333333
"Rattus norvegicus","Pneumocystis wakefieldiae","2022-Winter","SG","Positive",7,34,0.205882352941176
"Rattus norvegicus","Pneumocystis wakefieldiae","2022-Winter","SS","Positive",1,10,0.1
"Rattus norvegicus","Pneumocystis wakefieldiae","2022-Winter","ZJ","Positive",1,7,0.142857142857143
"Rattus norvegicus","Porcine bocavirus","2021-Winter","DB","Positive",2,23,0.0869565217391304
"Rattus norvegicus","Porcine bocavirus","2022-Autumn","JY","Positive",1,14,0.0714285714285714
"Rattus norvegicus","Porcine bocavirus","2022-Summer","AP","Positive",1,12,0.0833333333333333
"Rattus norvegicus","Porcine bocavirus","2022-Winter","SG","Positive",1,34,0.0294117647058824
"Rattus norvegicus","Rabovirus A","2022-Winter","SG","Positive",1,34,0.0294117647058824
"Rattus norvegicus","Raillietina sp","2022-Winter","AP","Positive",1,15,0.0666666666666667
"Rattus norvegicus","Rat minute virus 2a","2021-Winter","DB","Positive",8,23,0.347826086956522
"Rattus norvegicus","Rat minute virus 2a","2021-Winter","ZJ","Positive",4,10,0.4
"Rattus norvegicus","Rat minute virus 2a","2022-Autumn","AP","Positive",3,12,0.25
"Rattus norvegicus","Rat minute virus 2a","2022-Autumn","HY","Positive",3,7,0.428571428571429
"Rattus norvegicus","Rat minute virus 2a","2022-Autumn","JY","Positive",4,14,0.285714285714286
"Rattus norvegicus","Rat minute virus 2a","2022-Autumn","ZJ","Positive",1,10,0.1
"Rattus norvegicus","Rat minute virus 2a","2022-Spring","AP","Positive",5,14,0.357142857142857
"Rattus norvegicus","Rat minute virus 2a","2022-Summer","ZJ","Positive",2,13,0.153846153846154
"Rattus norvegicus","Rat minute virus 2a","2022-Winter","AP","Positive",3,15,0.2
"Rattus norvegicus","Rat minute virus 2a","2022-Winter","SG","Positive",6,34,0.176470588235294
"Rattus norvegicus","Rat minute virus 2a","2022-Winter","SS","Positive",1,10,0.1
"Rattus norvegicus","Rat minute virus 2a","2022-Winter","SZ","Positive",5,17,0.294117647058824
"Rattus norvegicus","Rat minute virus 2a","2022-Winter","ZJ","Positive",2,7,0.285714285714286
"Rattus norvegicus","Rat parvovirus 1","2022-Autumn","HY","Positive",1,7,0.142857142857143
"Rattus norvegicus","Rat parvovirus 2","2022-Winter","AP","Positive",1,15,0.0666666666666667
"Rattus norvegicus","Rodent astrovirus 1","2022-Autumn","JY","Positive",1,14,0.0714285714285714
"Rattus norvegicus","Rodent astrovirus 2","2021-Winter","DB","Positive",1,23,0.0434782608695652
"Rattus norvegicus","Rodent astrovirus 2","2022-Autumn","HY","Positive",1,7,0.142857142857143
"Rattus norvegicus","Rodent astrovirus 2","2022-Winter","AP","Positive",1,15,0.0666666666666667
"Rattus norvegicus","Rodent astrovirus 2","2022-Winter","SS","Positive",2,10,0.2
"Rattus norvegicus","Rodent astrovirus 3","2021-Winter","DB","Positive",3,23,0.130434782608696
"Rattus norvegicus","Rodent astrovirus 3","2021-Winter","ZJ","Positive",2,10,0.2
"Rattus norvegicus","Rodent astrovirus 3","2022-Summer","ZJ","Positive",2,13,0.153846153846154
"Rattus norvegicus","Rodent astrovirus 3","2022-Winter","AP","Positive",2,15,0.133333333333333
"Rattus norvegicus","Rodent astrovirus 3","2022-Winter","SG","Positive",3,34,0.0882352941176471
"Rattus norvegicus","Rodent astrovirus 3","2022-Winter","SS","Positive",2,10,0.2
"Rattus norvegicus","Rodent astrovirus 3","2022-Winter","SZ","Positive",2,17,0.117647058823529
"Rattus norvegicus","Rodent coronavirus","2022-Winter","AP","Positive",2,15,0.133333333333333
"Rattus norvegicus","Rodent pegivirus","2021-Winter","ZJ","Positive",1,10,0.1
"Rattus norvegicus","Rodent pegivirus","2022-Autumn","AP","Positive",2,12,0.166666666666667
"Rattus norvegicus","Rodent pegivirus","2022-Winter","AP","Positive",3,15,0.2
"Rattus norvegicus","Rodent pegivirus","2022-Winter","SG","Positive",2,34,0.0588235294117647
"Rattus norvegicus","Rodent pegivirus","2022-Winter","SS","Positive",2,10,0.2
"Rattus norvegicus","Rodent torque teno virus 3","2021-Winter","DB","Positive",2,23,0.0869565217391304
"Rattus norvegicus","Rodent torque teno virus 3","2022-Autumn","HY","Positive",2,7,0.285714285714286
"Rattus norvegicus","Rodent torque teno virus 3","2022-Autumn","JY","Positive",5,14,0.357142857142857
"Rattus norvegicus","Rodent torque teno virus 3","2022-Spring","AP","Positive",2,14,0.142857142857143
"Rattus norvegicus","Rodent torque teno virus 3","2022-Summer","ZJ","Positive",1,13,0.0769230769230769
"Rattus norvegicus","Rodent torque teno virus 3","2022-Winter","AP","Positive",5,15,0.333333333333333
"Rattus norvegicus","Rodent torque teno virus 3","2022-Winter","SG","Positive",7,34,0.205882352941176
"Rattus norvegicus","Rodent torque teno virus 3","2022-Winter","SZ","Positive",9,17,0.529411764705882
"Rattus norvegicus","Simian picobirnavirus","2022-Autumn","JY","Positive",1,14,0.0714285714285714
"Rattus norvegicus","Spironucleus sp2","2021-Winter","DB","Positive",1,23,0.0434782608695652
"Rattus norvegicus","Spironucleus sp3","2021-Winter","DB","Positive",1,23,0.0434782608695652
"Rattus norvegicus","Spironucleus sp4","2021-Winter","DB","Positive",1,23,0.0434782608695652
"Rattus norvegicus","Strongyloides ratti","2022-Autumn","JY","Positive",1,14,0.0714285714285714
"Rattus norvegicus","Strongyloides ratti","2022-Summer","AP","Positive",1,12,0.0833333333333333
"Rattus norvegicus","Strongyloides ratti","2022-Winter","SZ","Positive",2,17,0.117647058823529
"Rattus norvegicus","Strongyloides venezuelensis","2021-Winter","DB","Positive",2,23,0.0869565217391304
"Rattus norvegicus","Strongyloides venezuelensis","2022-Autumn","JY","Positive",2,14,0.142857142857143
"Rattus norvegicus","Strongyloides venezuelensis","2022-Winter","AP","Positive",1,15,0.0666666666666667
"Rattus norvegicus","Strongyloides venezuelensis","2022-Winter","SZ","Positive",4,17,0.235294117647059
"Rattus norvegicus","Sweet potato chlorotic fleck virus","2022-Winter","AP","Positive",2,15,0.133333333333333
"Rattus norvegicus","Tritrichomonas sp","2022-Winter","SS","Positive",1,10,0.1
"Rattus norvegicus","Trypanosoma lewis","2021-Winter","DB","Positive",1,23,0.0434782608695652
"Rattus norvegicus","Trypanosoma lewis","2021-Winter","ZJ","Positive",1,10,0.1
"Rattus norvegicus","Trypanosoma lewis","2022-Spring","AP","Positive",1,14,0.0714285714285714
"Rattus norvegicus","Trypanosoma lewis","2022-Spring","ZJ","Positive",1,5,0.2
"Rattus norvegicus","Trypanosoma lewis","2022-Summer","AP","Positive",1,12,0.0833333333333333
"Rattus norvegicus","Trypanosoma lewis","2022-Winter","SG","Positive",2,34,0.0588235294117647
"Rattus norvegicus","Trypanosoma lewis","2022-Winter","SZ","Positive",1,17,0.0588235294117647
"Rattus norvegicus","Trypanosoma lewis","2022-Winter","ZJ","Positive",1,7,0.142857142857143
"Rattus norvegicus","Wnezhou virus","2021-Winter","DB","Positive",4,23,0.173913043478261
"Rattus norvegicus","Wnezhou virus","2021-Winter","ZJ","Positive",2,10,0.2
"Rattus norvegicus","Wnezhou virus","2022-Autumn","AP","Positive",1,12,0.0833333333333333
"Rattus norvegicus","Wnezhou virus","2022-Autumn","JY","Positive",1,14,0.0714285714285714
"Rattus norvegicus","Wnezhou virus","2022-Autumn","ZJ","Positive",3,10,0.3
"Rattus norvegicus","Wnezhou virus","2022-Summer","ZJ","Positive",1,13,0.0769230769230769
"Rattus norvegicus","Wnezhou virus","2022-Winter","SG","Positive",3,34,0.0882352941176471
"Rattus norvegicus","Wnezhou virus","2022-Winter","SS","Positive",2,10,0.2
"Rattus norvegicus","Wnezhou virus","2022-Winter","SZ","Positive",2,17,0.117647058823529
"Rattus norvegicus","Wnezhou virus","2022-Winter","ZJ","Positive",2,7,0.285714285714286
"Rattus norvegicus","Zhejiang betaflexivirus 1","2022-Winter","AP","Positive",2,15,0.133333333333333
"Rattus tanezumi","Angiostrongylus cantonensis","2022-Autumn","AP","Positive",1,11,0.0909090909090909
"Rattus tanezumi","Angiostrongylus cantonensis","2022-Autumn","HY","Positive",2,6,0.333333333333333
"Rattus tanezumi","Bartonella kosoyi","2021-Winter","AP","Positive",1,9,0.111111111111111
"Rattus tanezumi","Bartonella kosoyi","2022-Spring","AP","Positive",2,8,0.25
"Rattus tanezumi","Bartonella kosoyi","2022-Summer","ZJ","Positive",1,3,0.333333333333333
"Rattus tanezumi","Bartonella kosoyi","2022-Winter","SZ","Positive",1,16,0.0625
"Rattus tanezumi","Bartonella sp","2021-Winter","ZJ","Positive",1,15,0.0666666666666667
"Rattus tanezumi","Bartonella sp","2022-Spring","AP","Positive",1,8,0.125
"Rattus tanezumi","Bartonella sp","2022-Summer","ZJ","Positive",1,3,0.333333333333333
"Rattus tanezumi","Bartonella sp","2022-Winter","ZJ","Positive",1,9,0.111111111111111
"Rattus tanezumi","Bastrovirus Rat","2022-Winter","SG","Positive",1,5,0.2
"Rattus tanezumi","Betacoronavirus 1","2022-Summer","AP","Positive",2,3,0.666666666666667
"Rattus tanezumi","Betacoronavirus 1","2022-Winter","AP","Positive",1,5,0.2
"Rattus tanezumi","Betacoronavirus 1","2022-Winter","SG","Positive",1,5,0.2
"Rattus tanezumi","Brachylaima sp","2022-Autumn","ZJ","Positive",1,9,0.111111111111111
"Rattus tanezumi","Calfel virus","2021-Winter","ZJ","Positive",1,15,0.0666666666666667
"Rattus tanezumi","Chlamydia muridarum","2022-Autumn","JY","Positive",1,3,0.333333333333333
"Rattus tanezumi","Circovirus canine","2022-Autumn","HY","Positive",1,6,0.166666666666667
"Rattus tanezumi","Collinsella aerofaciens","2022-Winter","AP","Positive",1,5,0.2
"Rattus tanezumi","Deer mastadenovirus B","2021-Winter","ZJ","Positive",1,15,0.0666666666666667
"Rattus tanezumi","Desulfovibrio piger","2021-Winter","DB","Positive",1,9,0.111111111111111
"Rattus tanezumi","Desulfovibrio piger","2021-Winter","ZJ","Positive",1,15,0.0666666666666667
"Rattus tanezumi","Desulfovibrio piger","2022-Autumn","AP","Positive",1,11,0.0909090909090909
"Rattus tanezumi","Desulfovibrio piger","2022-Winter","AP","Positive",2,5,0.4
"Rattus tanezumi","Desulfovibrio piger","2022-Winter","SG","Positive",3,5,0.6
"Rattus tanezumi","Desulfovibrio piger","2022-Winter","SS","Positive",1,2,0.5
"Rattus tanezumi","Desulfovibrio piger","2022-Winter","SZ","Positive",3,16,0.1875
"Rattus tanezumi","Giardia sp1","2021-Winter","DB","Positive",2,9,0.222222222222222
"Rattus tanezumi","Giardia sp1","2022-Winter","SG","Positive",3,5,0.6
"Rattus tanezumi","Giardia sp1","2022-Winter","SS","Positive",1,2,0.5
"Rattus tanezumi","Giardia sp3","2021-Winter","AP","Positive",1,9,0.111111111111111
"Rattus tanezumi","Giardia sp3","2021-Winter","DB","Positive",1,9,0.111111111111111
"Rattus tanezumi","Giardia sp3","2021-Winter","ZJ","Positive",1,15,0.0666666666666667
"Rattus tanezumi","Guangdong  partiti-like virus 9","2022-Winter","SZ","Positive",1,16,0.0625
"Rattus tanezumi","Guangdong bunya-like virus 1","2021-Winter","DB","Positive",1,9,0.111111111111111
"Rattus tanezumi","Guangdong levi-like virus 15","2021-Winter","DB","Positive",1,9,0.111111111111111
"Rattus tanezumi","Guangdong levi-like virus 3","2022-Winter","AP","Positive",1,5,0.2
"Rattus tanezumi","Guangdong levi-like virus 7","2022-Winter","SG","Positive",2,5,0.4
"Rattus tanezumi","Guangdong levi-like virus 8","2022-Winter","SG","Positive",1,5,0.2
"Rattus tanezumi","Guangdong mito-like virus 10","2021-Winter","ZJ","Positive",1,15,0.0666666666666667
"Rattus tanezumi","Guangdong mito-like virus 10","2022-Winter","SG","Positive",1,5,0.2
"Rattus tanezumi","Guangdong mito-like virus 2","2022-Winter","SZ","Positive",3,16,0.1875
"Rattus tanezumi","Guangdong mito-like virus 3","2022-Winter","SZ","Positive",2,16,0.125
"Rattus tanezumi","Guangdong mito-like virus 4","2022-Winter","SG","Positive",1,5,0.2
"Rattus tanezumi","Guangdong mito-like virus 5","2022-Winter","SZ","Positive",1,16,0.0625
"Rattus tanezumi","Guangdong mito-like virus 6","2022-Winter","SG","Positive",2,5,0.4
"Rattus tanezumi","Guangdong mito-like virus 9","2021-Winter","DB","Positive",1,9,0.111111111111111
"Rattus tanezumi","Guangdong murine mastadenovirus 2","2021-Winter","DB","Positive",1,9,0.111111111111111
"Rattus tanezumi","Guangdong murine mastadenovirus 2","2021-Winter","ZJ","Positive",1,15,0.0666666666666667
"Rattus tanezumi","Guangdong murine mastadenovirus 2","2022-Winter","SG","Positive",1,5,0.2
"Rattus tanezumi","Guangdong narna-like virus 5","2022-Autumn","AP","Positive",2,11,0.181818181818182
"Rattus tanezumi","Guangdong noda-like virus 1","2022-Winter","SG","Positive",1,5,0.2
"Rattus tanezumi","Guangdong partiti-like virus 1","2022-Winter","SZ","Positive",1,16,0.0625
"Rattus tanezumi","Guangdong partiti-like virus 11","2022-Winter","SZ","Positive",2,16,0.125
"Rattus tanezumi","Guangdong partiti-like virus 12","2021-Winter","DB","Positive",1,9,0.111111111111111
"Rattus tanezumi","Guangdong partiti-like virus 13","2021-Winter","DB","Positive",1,9,0.111111111111111
"Rattus tanezumi","Guangdong partiti-like virus 2","2022-Winter","SZ","Positive",1,16,0.0625
"Rattus tanezumi","Guangdong partiti-like virus 3","2021-Winter","ZJ","Positive",1,15,0.0666666666666667
"Rattus tanezumi","Guangdong partiti-like virus 4","2021-Winter","ZJ","Positive",1,15,0.0666666666666667
"Rattus tanezumi","Guangdong partiti-like virus 5","2022-Winter","AP","Positive",1,5,0.2
"Rattus tanezumi","Guangdong partiti-like virus 5","2022-Winter","SZ","Positive",3,16,0.1875
"Rattus tanezumi","Guangdong partiti-like virus 6","2021-Winter","ZJ","Positive",1,15,0.0666666666666667
"Rattus tanezumi","Guangdong partiti-like virus 7","2021-Winter","ZJ","Positive",1,15,0.0666666666666667
"Rattus tanezumi","Guangdong partiti-like virus 7","2022-Winter","SZ","Positive",1,16,0.0625
"Rattus tanezumi","Guangdong partiti-like virus 8","2022-Winter","SZ","Positive",2,16,0.125
"Rattus tanezumi","Guangdong permutotetra-like-virus 1","2022-Spring","ZJ","Positive",1,9,0.111111111111111
"Rattus tanezumi","Guangdong rodent aleptorquevirus","2022-Autumn","JY","Positive",1,3,0.333333333333333
"Rattus tanezumi","Guangdong rodent aleptorquevirus","2022-Winter","SZ","Positive",2,16,0.125
"Rattus tanezumi","Guangdong rodent anellovirus 1","2021-Winter","DB","Positive",1,9,0.111111111111111
"Rattus tanezumi","Guangdong rodent anellovirus 3","2021-Winter","AP","Positive",2,9,0.222222222222222
"Rattus tanezumi","Guangdong rodent anellovirus 3","2021-Winter","DB","Positive",4,9,0.444444444444444
"Rattus tanezumi","Guangdong rodent anellovirus 3","2021-Winter","ZJ","Positive",8,15,0.533333333333333
"Rattus tanezumi","Guangdong rodent anellovirus 3","2022-Autumn","AP","Positive",1,11,0.0909090909090909
"Rattus tanezumi","Guangdong rodent anellovirus 3","2022-Autumn","HY","Positive",2,6,0.333333333333333
"Rattus tanezumi","Guangdong rodent anellovirus 3","2022-Autumn","JY","Positive",1,3,0.333333333333333
"Rattus tanezumi","Guangdong rodent anellovirus 3","2022-Autumn","ZJ","Positive",1,9,0.111111111111111
"Rattus tanezumi","Guangdong rodent anellovirus 3","2022-Spring","AP","Positive",3,8,0.375
"Rattus tanezumi","Guangdong rodent anellovirus 3","2022-Spring","ZJ","Positive",2,9,0.222222222222222
"Rattus tanezumi","Guangdong rodent anellovirus 3","2022-Summer","AP","Positive",1,3,0.333333333333333
"Rattus tanezumi","Guangdong rodent anellovirus 3","2022-Winter","SG","Positive",1,5,0.2
"Rattus tanezumi","Guangdong rodent anellovirus 3","2022-Winter","SZ","Positive",6,16,0.375
"Rattus tanezumi","Guangdong rodent anellovirus 3","2022-Winter","ZJ","Positive",1,9,0.111111111111111
"Rattus tanezumi","Guangdong rodent arterivirus 2","2021-Winter","AP","Positive",1,9,0.111111111111111
"Rattus tanezumi","Guangdong rodent arterivirus 2","2021-Winter","DB","Positive",1,9,0.111111111111111
"Rattus tanezumi","Guangdong rodent arterivirus 2","2022-Autumn","JY","Positive",2,3,0.666666666666667
"Rattus tanezumi","Guangdong rodent arterivirus 2","2022-Spring","AP","Positive",2,8,0.25
"Rattus tanezumi","Guangdong rodent dependoparvovirus 1","2021-Winter","DB","Positive",1,9,0.111111111111111
"Rattus tanezumi","Guangdong rodent dependoparvovirus 1","2022-Summer","ZJ","Positive",1,3,0.333333333333333
"Rattus tanezumi","Guangdong rodent dependoparvovirus 2","2021-Winter","ZJ","Positive",1,15,0.0666666666666667
"Rattus tanezumi","Guangdong rodent dependoparvovirus 3","2021-Winter","DB","Positive",1,9,0.111111111111111
"Rattus tanezumi","Guangdong rodent mastadenovirus 1","2021-Winter","AP","Positive",1,9,0.111111111111111
"Rattus tanezumi","Guangdong rodent mastadenovirus 1","2022-Autumn","HY","Positive",1,6,0.166666666666667
"Rattus tanezumi","Guangdong rodent orthopicobirnavirus 14","2022-Winter","AP","Positive",1,5,0.2
"Rattus tanezumi","Guangdong rodent orthopicobirnavirus 15","2022-Winter","SG","Positive",1,5,0.2
"Rattus tanezumi","Guangdong rodent orthopicobirnavirus 16","2022-Winter","AP","Positive",1,5,0.2
"Rattus tanezumi","Guangdong rodent orthopicobirnavirus 16","2022-Winter","SG","Positive",1,5,0.2
"Rattus tanezumi","Guangdong rodent orthopicobirnavirus 18","2022-Winter","SG","Positive",1,5,0.2
"Rattus tanezumi","Guangdong rodent orthopicobirnavirus 2","2022-Winter","SZ","Positive",1,16,0.0625
"Rattus tanezumi","Guangdong rodent orthopicobirnavirus 22","2021-Winter","ZJ","Positive",1,15,0.0666666666666667
"Rattus tanezumi","Guangdong rodent orthopicobirnavirus 22","2022-Winter","AP","Positive",1,5,0.2
"Rattus tanezumi","Guangdong rodent orthopicobirnavirus 23","2022-Winter","SG","Positive",1,5,0.2
"Rattus tanezumi","Guangdong rodent orthopicobirnavirus 24","2022-Winter","SZ","Positive",1,16,0.0625
"Rattus tanezumi","Guangdong rodent orthopicobirnavirus 29","2022-Winter","SG","Positive",1,5,0.2
"Rattus tanezumi","Guangdong rodent orthopicobirnavirus 3","2022-Winter","SG","Positive",1,5,0.2
"Rattus tanezumi","Guangdong rodent orthopicobirnavirus 30","2021-Winter","DB","Positive",1,9,0.111111111111111
"Rattus tanezumi","Guangdong rodent orthopicobirnavirus 30","2022-Winter","SZ","Positive",1,16,0.0625
"Rattus tanezumi","Guangdong rodent orthopicobirnavirus 31","2021-Winter","ZJ","Positive",1,15,0.0666666666666667
"Rattus tanezumi","Guangdong rodent orthopicobirnavirus 31","2022-Winter","AP","Positive",1,5,0.2
"Rattus tanezumi","Guangdong rodent orthopicobirnavirus 32","2022-Winter","SG","Positive",1,5,0.2
"Rattus tanezumi","Guangdong rodent orthopicobirnavirus 35","2022-Winter","AP","Positive",1,5,0.2
"Rattus tanezumi","Guangdong rodent orthopicobirnavirus 36","2021-Winter","DB","Positive",1,9,0.111111111111111
"Rattus tanezumi","Guangdong rodent orthopicobirnavirus 38","2022-Winter","SG","Positive",1,5,0.2
"Rattus tanezumi","Guangdong rodent orthopicobirnavirus 4","2021-Winter","ZJ","Positive",1,15,0.0666666666666667
"Rattus tanezumi","Guangdong rodent orthopicobirnavirus 7","2022-Winter","SG","Positive",1,5,0.2
"Rattus tanezumi","Guangdong rodent orthopicobirnavirus 8","2022-Winter","SG","Positive",1,5,0.2
"Rattus tanezumi","Guangdong rodent orthopicobirnavirus 9","2022-Winter","SG","Positive",1,5,0.2
"Rattus tanezumi","Guangdong rodent picornabirus 10","2022-Winter","AP","Positive",1,5,0.2
"Rattus tanezumi","Guangdong rodent picornabirus 3","2022-Winter","SG","Positive",1,5,0.2
"Rattus tanezumi","Guangdong rodent picornabirus 4","2022-Winter","SG","Positive",1,5,0.2
"Rattus tanezumi","Guangdong rodent picornabirus 5","2021-Winter","ZJ","Positive",1,15,0.0666666666666667
"Rattus tanezumi","Guangdong rodent torque teno virus 3","2021-Winter","ZJ","Positive",1,15,0.0666666666666667
"Rattus tanezumi","Guangdong rodent torque teno virus 3","2022-Autumn","HY","Positive",1,6,0.166666666666667
"Rattus tanezumi","Guangdong rodent torque teno virus 3","2022-Autumn","JY","Positive",1,3,0.333333333333333
"Rattus tanezumi","Guangdong rodent torque teno virus 3","2022-Spring","AP","Positive",1,8,0.125
"Rattus tanezumi","Guangdong rodent torque teno virus 3","2022-Winter","SZ","Positive",2,16,0.125
"Rattus tanezumi","Guangdong rodent torque teno virus 3","2022-Winter","ZJ","Positive",1,9,0.111111111111111
"Rattus tanezumi","Guangdong rosa-like virus","2022-Autumn","AP","Positive",1,11,0.0909090909090909
"Rattus tanezumi","Guangdong rosa-like virus","2022-Spring","ZJ","Positive",1,9,0.111111111111111
"Rattus tanezumi","Guangdong rosa-like virus","2022-Winter","SZ","Positive",1,16,0.0625
"Rattus tanezumi","Guangdong tombus-like virus 15","2022-Winter","SG","Positive",1,5,0.2
"Rattus tanezumi","Guangdong tombus-like virus 16","2021-Winter","ZJ","Positive",1,15,0.0666666666666667
"Rattus tanezumi","Guangdong tombus-like virus 17","2022-Winter","AP","Positive",1,5,0.2
"Rattus tanezumi","Guangdong tombus-like virus 8","2022-Winter","SG","Positive",1,5,0.2
"Rattus tanezumi","Hepatozoon sp","2022-Autumn","AP","Positive",1,11,0.0909090909090909
"Rattus tanezumi","Hepatozoon sp","2022-Summer","ZJ","Positive",1,3,0.333333333333333
"Rattus tanezumi","Hepatozoon sp","2022-Winter","ZJ","Positive",1,9,0.111111111111111
"Rattus tanezumi","Hunnivirus A","2021-Winter","ZJ","Positive",1,15,0.0666666666666667
"Rattus tanezumi","Hunnivirus A","2022-Winter","SG","Positive",1,5,0.2
"Rattus tanezumi","Klebsiella variicola","2021-Winter","AP","Positive",1,9,0.111111111111111
"Rattus tanezumi","Klebsiella variicola","2022-Winter","AP","Positive",1,5,0.2
"Rattus tanezumi","Klebsiella variicola","2022-Winter","SZ","Positive",2,16,0.125
"Rattus tanezumi","Monocercomonoides","2022-Winter","SG","Positive",1,5,0.2
"Rattus tanezumi","Murine kobuvirus","2021-Winter","DB","Positive",1,9,0.111111111111111
"Rattus tanezumi","Murine kobuvirus","2022-Winter","SZ","Positive",1,16,0.0625
"Rattus tanezumi","Nippostrongylus brasiliensis","2022-Spring","AP","Positive",1,8,0.125
"Rattus tanezumi","Nippostrongylus brasiliensis","2022-Summer","AP","Positive",1,3,0.333333333333333
"Rattus tanezumi","Nippostrongylus brasiliensis","2022-Summer","ZJ","Positive",1,3,0.333333333333333
"Rattus tanezumi","Norwalk virus","2021-Winter","DB","Positive",2,9,0.222222222222222
"Rattus tanezumi","Norway rat pestivirus","2021-Winter","AP","Positive",1,9,0.111111111111111
"Rattus tanezumi","Norway rat pestivirus","2021-Winter","DB","Positive",1,9,0.111111111111111
"Rattus tanezumi","Norway rat pestivirus","2021-Winter","ZJ","Positive",2,15,0.133333333333333
"Rattus tanezumi","Norway rat pestivirus","2022-Autumn","AP","Positive",2,11,0.181818181818182
"Rattus tanezumi","Norway rat pestivirus","2022-Spring","AP","Positive",1,8,0.125
"Rattus tanezumi","Norway rat pestivirus","2022-Summer","AP","Positive",1,3,0.333333333333333
"Rattus tanezumi","Norway rat pestivirus","2022-Winter","SZ","Positive",2,16,0.125
"Rattus tanezumi","Norway rat pestivirus","2022-Winter","ZJ","Positive",2,9,0.222222222222222
"Rattus tanezumi","Orthohantavirus seoulense","2022-Spring","ZJ","Positive",1,9,0.111111111111111
"Rattus tanezumi","Oxyurida sp","2022-Winter","SZ","Positive",1,16,0.0625
"Rattus tanezumi","Parabovirus A","2021-Winter","ZJ","Positive",1,15,0.0666666666666667
"Rattus tanezumi","Parabovirus A","2022-Winter","SZ","Positive",6,16,0.375
"Rattus tanezumi","Pneumocystis carinii","2021-Winter","ZJ","Positive",1,15,0.0666666666666667
"Rattus tanezumi","Pneumocystis carinii","2022-Winter","AP","Positive",1,5,0.2
"Rattus tanezumi","Porcine bocavirus","2021-Winter","AP","Positive",1,9,0.111111111111111
"Rattus tanezumi","Porcine bocavirus","2021-Winter","DB","Positive",1,9,0.111111111111111
"Rattus tanezumi","Porcine bocavirus","2022-Autumn","ZJ","Positive",1,9,0.111111111111111
"Rattus tanezumi","Porcine bocavirus","2022-Spring","ZJ","Positive",3,9,0.333333333333333
"Rattus tanezumi","Porcine bocavirus","2022-Summer","ZJ","Positive",1,3,0.333333333333333
"Rattus tanezumi","Raillietina sp","2021-Winter","DB","Positive",1,9,0.111111111111111
"Rattus tanezumi","Rat hepatitis E virus","2021-Winter","DB","Positive",2,9,0.222222222222222
"Rattus tanezumi","Rat hepatitis E virus","2022-Spring","AP","Positive",1,8,0.125
"Rattus tanezumi","Rat minute virus 2a","2021-Winter","AP","Positive",3,9,0.333333333333333
"Rattus tanezumi","Rat minute virus 2a","2021-Winter","DB","Positive",1,9,0.111111111111111
"Rattus tanezumi","Rat minute virus 2a","2022-Autumn","AP","Positive",2,11,0.181818181818182
"Rattus tanezumi","Rat minute virus 2a","2022-Spring","AP","Positive",3,8,0.375
"Rattus tanezumi","Rat minute virus 2a","2022-Spring","ZJ","Positive",1,9,0.111111111111111
"Rattus tanezumi","Rat minute virus 2a","2022-Winter","SZ","Positive",2,16,0.125
"Rattus tanezumi","Rat minute virus 2a","2022-Winter","ZJ","Positive",1,9,0.111111111111111
"Rattus tanezumi","Rat parvovirus 2","2022-Winter","SZ","Positive",1,16,0.0625
"Rattus tanezumi","Rat picobirnavirus","2022-Winter","SG","Positive",1,5,0.2
"Rattus tanezumi","Rodent astrovirus 1","2022-Autumn","AP","Positive",1,11,0.0909090909090909
"Rattus tanezumi","Rodent astrovirus 1","2022-Autumn","HY","Positive",1,6,0.166666666666667
"Rattus tanezumi","Rodent astrovirus 1","2022-Winter","SG","Positive",1,5,0.2
"Rattus tanezumi","Rodent astrovirus 3","2021-Winter","DB","Positive",1,9,0.111111111111111
"Rattus tanezumi","Rodent astrovirus 3","2021-Winter","ZJ","Positive",1,15,0.0666666666666667
"Rattus tanezumi","Rodent astrovirus 3","2022-Spring","AP","Positive",1,8,0.125
"Rattus tanezumi","Rodent astrovirus 3","2022-Winter","SG","Positive",3,5,0.6
"Rattus tanezumi","Rodent astrovirus 3","2022-Winter","SZ","Positive",2,16,0.125
"Rattus tanezumi","Rodent astrovirus 3","2022-Winter","ZJ","Positive",1,9,0.111111111111111
"Rattus tanezumi","Rodent pegivirus","2021-Winter","AP","Positive",1,9,0.111111111111111
"Rattus tanezumi","Rodent pegivirus","2022-Autumn","AP","Positive",1,11,0.0909090909090909
"Rattus tanezumi","Rodent pegivirus","2022-Winter","AP","Positive",1,5,0.2
"Rattus tanezumi","Rodent torque teno virus 3","2021-Winter","DB","Positive",1,9,0.111111111111111
"Rattus tanezumi","Rodent torque teno virus 3","2021-Winter","ZJ","Positive",2,15,0.133333333333333
"Rattus tanezumi","Rodent torque teno virus 3","2022-Autumn","HY","Positive",2,6,0.333333333333333
"Rattus tanezumi","Rodent torque teno virus 3","2022-Spring","AP","Positive",1,8,0.125
"Rattus tanezumi","Rodent torque teno virus 3","2022-Summer","AP","Positive",1,3,0.333333333333333
"Rattus tanezumi","Rodent torque teno virus 3","2022-Summer","ZJ","Positive",1,3,0.333333333333333
"Rattus tanezumi","Rodent torque teno virus 3","2022-Winter","SG","Positive",1,5,0.2
"Rattus tanezumi","Rodent torque teno virus 3","2022-Winter","SZ","Positive",3,16,0.1875
"Rattus tanezumi","Rodent torque teno virus 3","2022-Winter","ZJ","Positive",1,9,0.111111111111111
"Rattus tanezumi","Strongyloides ratti","2022-Autumn","HY","Positive",1,6,0.166666666666667
"Rattus tanezumi","Sweet potato chlorotic fleck virus","2022-Winter","AP","Positive",1,5,0.2
"Rattus tanezumi","Tomato brown rugose fruit virus","2021-Winter","ZJ","Positive",1,15,0.0666666666666667
"Rattus tanezumi","Tomato brown rugose fruit virus","2022-Winter","SZ","Positive",4,16,0.25
"Rattus tanezumi","Tritrichomonas sp","2021-Winter","AP","Positive",2,9,0.222222222222222
"Rattus tanezumi","Tritrichomonas sp","2021-Winter","DB","Positive",1,9,0.111111111111111
"Rattus tanezumi","Tritrichomonas sp","2021-Winter","ZJ","Positive",2,15,0.133333333333333
"Rattus tanezumi","Tritrichomonas sp","2022-Autumn","AP","Positive",1,11,0.0909090909090909
"Rattus tanezumi","Tritrichomonas sp","2022-Winter","AP","Positive",1,5,0.2
"Rattus tanezumi","Tritrichomonas sp","2022-Winter","SG","Positive",3,5,0.6
"Rattus tanezumi","Trypanosoma lewis","2021-Winter","AP","Positive",1,9,0.111111111111111
"Rattus tanezumi","Trypanosoma lewis","2021-Winter","DB","Positive",2,9,0.222222222222222
"Rattus tanezumi","Trypanosoma lewis","2021-Winter","ZJ","Positive",4,15,0.266666666666667
"Rattus tanezumi","Trypanosoma lewis","2022-Autumn","ZJ","Positive",1,9,0.111111111111111
"Rattus tanezumi","Trypanosoma lewis","2022-Spring","ZJ","Positive",1,9,0.111111111111111
"Rattus tanezumi","Trypanosoma lewis","2022-Winter","SZ","Positive",2,16,0.125
"Rattus tanezumi","Trypanosoma lewis","2022-Winter","ZJ","Positive",1,9,0.111111111111111
"Rattus tanezumi","Wnezhou virus","2021-Winter","AP","Positive",1,9,0.111111111111111
"Rattus tanezumi","Wnezhou virus","2021-Winter","DB","Positive",1,9,0.111111111111111
"Rattus tanezumi","Wnezhou virus","2022-Autumn","AP","Positive",1,11,0.0909090909090909
"Rattus tanezumi","Wnezhou virus","2022-Spring","AP","Positive",1,8,0.125
"Rattus tanezumi","Zhejiang betaflexivirus 1","2022-Winter","AP","Positive",1,5,0.2
"Suncus murinus","Angiostrongylus cantonensis","2021-Winter","AP","Positive",1,12,0.0833333333333333
"Suncus murinus","Angiostrongylus cantonensis","2022-Spring","ZJ","Positive",1,10,0.1
"Suncus murinus","Bartonella kosoyi","2022-Spring","ZJ","Positive",1,10,0.1
"Suncus murinus","Brachylaima sp","2021-Winter","AP","Positive",1,12,0.0833333333333333
"Suncus murinus","Brachylaima sp","2021-Winter","DB","Positive",1,7,0.142857142857143
"Suncus murinus","Brachylaima sp","2022-Autumn","AP","Positive",1,11,0.0909090909090909
"Suncus murinus","Brachylaima sp","2022-Autumn","ZJ","Positive",2,4,0.5
"Suncus murinus","Chlamydia muridarum","2021-Winter","AP","Positive",1,12,0.0833333333333333
"Suncus murinus","Eimeria dispersa","2021-Winter","DB","Positive",1,7,0.142857142857143
"Suncus murinus","Eimeria dispersa","2022-Summer","AP","Positive",2,10,0.2
"Suncus murinus","Guangdong bastrovirus","2021-Winter","AP","Positive",1,12,0.0833333333333333
"Suncus murinus","Guangdong dicipi-like virus","2021-Winter","AP","Positive",1,12,0.0833333333333333
"Suncus murinus","Guangdong dicipi-like virus","2021-Winter","DB","Positive",1,7,0.142857142857143
"Suncus murinus","Guangdong dicipi-like virus","2022-Autumn","AP","Positive",1,11,0.0909090909090909
"Suncus murinus","Guangdong dicipi-like virus","2022-Autumn","HY","Positive",1,5,0.2
"Suncus murinus","Guangdong dicipi-like virus","2022-Spring","AP","Positive",1,10,0.1
"Suncus murinus","Guangdong narna-like virus 2","2021-Winter","AP","Positive",2,12,0.166666666666667
"Suncus murinus","Guangdong narna-like virus 2","2022-Spring","AP","Positive",1,10,0.1
"Suncus murinus","Guangdong noda-like virus 5","2022-Winter","SG","Positive",1,1,1
"Suncus murinus","Guangdong noda-like virus 7","2021-Winter","AP","Positive",1,12,0.0833333333333333
"Suncus murinus","Guangdong partiti-like virus 15","2022-Autumn","AP","Positive",1,11,0.0909090909090909
"Suncus murinus","Guangdong picorna-like virus 1","2021-Winter","AP","Positive",2,12,0.166666666666667
"Suncus murinus","Guangdong picorna-like virus 10","2022-Autumn","AP","Positive",1,11,0.0909090909090909
"Suncus murinus","Guangdong picorna-like virus 10","2022-Autumn","HY","Positive",1,5,0.2
"Suncus murinus","Guangdong picorna-like virus 10","2022-Spring","ZJ","Positive",1,10,0.1
"Suncus murinus","Guangdong picorna-like virus 11","2021-Winter","DB","Positive",1,7,0.142857142857143
"Suncus murinus","Guangdong picorna-like virus 11","2022-Spring","ZJ","Positive",1,10,0.1
"Suncus murinus","Guangdong picorna-like virus 13","2021-Winter","AP","Positive",1,12,0.0833333333333333
"Suncus murinus","Guangdong picorna-like virus 15","2021-Winter","DB","Positive",2,7,0.285714285714286
"Suncus murinus","Guangdong picorna-like virus 16","2021-Winter","DB","Positive",2,7,0.285714285714286
"Suncus murinus","Guangdong picorna-like virus 2","2022-Spring","ZJ","Positive",1,10,0.1
"Suncus murinus","Guangdong picorna-like virus 2","2022-Winter","ZJ","Positive",1,1,1
"Suncus murinus","Guangdong picorna-like virus 9","2021-Winter","AP","Positive",1,12,0.0833333333333333
"Suncus murinus","Guangdong picorna-like virus 9","2022-Winter","AP","Positive",1,1,1
"Suncus murinus","Guangdong rodent anellovirus 2","2021-Winter","AP","Positive",3,12,0.25
"Suncus murinus","Guangdong rodent anellovirus 2","2021-Winter","DB","Positive",3,7,0.428571428571429
"Suncus murinus","Guangdong rodent anellovirus 2","2021-Winter","ZJ","Positive",1,3,0.333333333333333
"Suncus murinus","Guangdong rodent anellovirus 2","2022-Autumn","AP","Positive",4,11,0.363636363636364
"Suncus murinus","Guangdong rodent anellovirus 2","2022-Autumn","HY","Positive",2,5,0.4
"Suncus murinus","Guangdong rodent anellovirus 2","2022-Autumn","ZJ","Positive",1,4,0.25
"Suncus murinus","Guangdong rodent anellovirus 2","2022-Spring","AP","Positive",4,10,0.4
"Suncus murinus","Guangdong rodent anellovirus 2","2022-Spring","ZJ","Positive",4,10,0.4
"Suncus murinus","Guangdong rodent anellovirus 2","2022-Summer","AP","Positive",4,10,0.4
"Suncus murinus","Guangdong rodent anellovirus 2","2022-Winter","AP","Positive",1,1,1
"Suncus murinus","Guangdong rodent anellovirus 2","2022-Winter","ZJ","Positive",1,1,1
"Suncus murinus","Guangdong rodent dependoparvovirus 1","2021-Winter","DB","Positive",2,7,0.285714285714286
"Suncus murinus","Guangdong rodent dependoparvovirus 1","2022-Autumn","AP","Positive",1,11,0.0909090909090909
"Suncus murinus","Guangdong rodent dependoparvovirus 1","2022-Autumn","HY","Positive",2,5,0.4
"Suncus murinus","Guangdong rodent dependoparvovirus 1","2022-Spring","AP","Positive",1,10,0.1
"Suncus murinus","Guangdong rodent dependoparvovirus 1","2022-Spring","ZJ","Positive",1,10,0.1
"Suncus murinus","Guangdong rosa-like virus","2022-Winter","ZJ","Positive",1,1,1
"Suncus murinus","Guangdong Suncus murinus circovirus 1","2022-Winter","ZJ","Positive",1,1,1
"Suncus murinus","Guangdong Suncus murinus circovirus 2","2022-Winter","ZJ","Positive",1,1,1
"Suncus murinus","Guangdong tombus-like virus 2","2021-Winter","ZJ","Positive",1,3,0.333333333333333
"Suncus murinus","Guangdong tombus-like virus 2","2022-Autumn","AP","Positive",3,11,0.272727272727273
"Suncus murinus","Guangdong tombus-like virus 2","2022-Autumn","ZJ","Positive",1,4,0.25
"Suncus murinus","Guangdong tombus-like virus 2","2022-Spring","ZJ","Positive",3,10,0.3
"Suncus murinus","Guangdong tombus-like virus 2","2022-Summer","AP","Positive",2,10,0.2
"Suncus murinus","Guangdong tombus-like virus 3","2022-Autumn","AP","Positive",1,11,0.0909090909090909
"Suncus murinus","Guangdong tombus-like virus 4","2022-Autumn","JY","Positive",1,2,0.5
"Suncus murinus","Guangdong tombus-like virus 9","2022-Winter","ZJ","Positive",1,1,1
"Suncus murinus","Klebsiella variicola","2021-Winter","AP","Positive",2,12,0.166666666666667
"Suncus murinus","Klebsiella variicola","2022-Spring","ZJ","Positive",2,10,0.2
"Suncus murinus","Lysoka partiti-like virus","2022-Autumn","HY","Positive",1,5,0.2
"Suncus murinus","Mischivirus E","2021-Winter","AP","Positive",8,12,0.666666666666667
"Suncus murinus","Mischivirus E","2021-Winter","DB","Positive",2,7,0.285714285714286
"Suncus murinus","Mischivirus E","2022-Autumn","HY","Positive",2,5,0.4
"Suncus murinus","Mischivirus E","2022-Autumn","JY","Positive",1,2,0.5
"Suncus murinus","Mischivirus E","2022-Spring","AP","Positive",4,10,0.4
"Suncus murinus","Mischivirus E","2022-Spring","ZJ","Positive",1,10,0.1
"Suncus murinus","Mischivirus E","2022-Summer","AP","Positive",3,10,0.3
"Suncus murinus","Pneumocystis sus","2021-Winter","AP","Positive",1,12,0.0833333333333333
"Suncus murinus","Pneumocystis sus","2022-Autumn","ZJ","Positive",1,4,0.25
"Suncus murinus","Pneumocystis sus","2022-Winter","SG","Positive",1,1,1
"Suncus murinus","Porcine bocavirus","2021-Winter","AP","Positive",1,12,0.0833333333333333
"Suncus murinus","Porcine bocavirus","2022-Spring","ZJ","Positive",1,10,0.1
"Suncus murinus","Rat minute virus 2a","2021-Winter","DB","Positive",1,7,0.142857142857143
"Suncus murinus","Strongyloides stercoralis","2021-Winter","AP","Positive",3,12,0.25
"Suncus murinus","Strongyloides stercoralis","2021-Winter","ZJ","Positive",1,3,0.333333333333333
"Suncus murinus","Strongyloides stercoralis","2022-Autumn","HY","Positive",1,5,0.2
"Suncus murinus","Strongyloides stercoralis","2022-Spring","AP","Positive",1,10,0.1
"Suncus murinus","Strongyloides stercoralis","2022-Summer","AP","Positive",2,10,0.2
"Suncus murinus","Wenzhou Apodemus agrarius hepacivirus 1","2021-Winter","AP","Positive",6,12,0.5
"Suncus murinus","Wenzhou Apodemus agrarius hepacivirus 1","2021-Winter","DB","Positive",2,7,0.285714285714286
"Suncus murinus","Wenzhou Apodemus agrarius hepacivirus 1","2021-Winter","ZJ","Positive",1,3,0.333333333333333
"Suncus murinus","Wenzhou Apodemus agrarius hepacivirus 1","2022-Autumn","AP","Positive",2,11,0.181818181818182
"Suncus murinus","Wenzhou Apodemus agrarius hepacivirus 1","2022-Autumn","HY","Positive",3,5,0.6
"Suncus murinus","Wenzhou Apodemus agrarius hepacivirus 1","2022-Spring","AP","Positive",2,10,0.2
"Suncus murinus","Wenzhou Apodemus agrarius hepacivirus 1","2022-Summer","AP","Positive",2,10,0.2
"Suncus murinus","Wenzhou Apodemus agrarius hepacivirus 1","2022-Winter","SG","Positive",1,1,1
